largest,oracle,peak_prob,mean_prob,prob_mass,n_components,largest_peak,largest_vol_frac,disagree,oracle_rank,cond_disagree,cond_lowconf_0.999,cond_lowconf_0.9995,cond_lowconf_0.9999,cond_nodom_0.3,cond_nodom_0.5,cond_nodom_0.7,case,threshold
0.8803480783176215,0.8803480783176215,0.8803480783176215,0.8803480783176215,0.8803480783176215,16,1.0,0.2938856015779093,False,1,0.8803480783176215,0.8803480783176215,0.8803480783176215,0.8803480783176215,0.8803480783176215,0.8803480783176215,0.8803480783176215,DUKE_005,0.5
0.8822874118083921,0.8822874118083921,0.8822874118083921,0.8822874118083921,0.8822874118083921,13,1.0,0.37760380260030757,False,1,0.8822874118083921,0.8822874118083921,0.8822874118083921,0.8822874118083921,0.8822874118083921,0.8822874118083921,0.8822874118083921,DUKE_005,0.8
0.8808250572956455,0.8808250572956455,0.8808250572956455,0.8808250572956455,0.8808250572956455,5,1.0,0.6073809523809524,False,1,0.8808250572956455,0.8808250572956455,0.8808250572956455,0.8808250572956455,0.8808250572956455,0.8808250572956455,0.8808250572956455,DUKE_005,0.95
0.8787996882307093,0.8787996882307093,0.8787996882307093,0.8787996882307093,0.8787996882307093,4,1.0,0.8252951096121417,False,1,0.8787996882307093,0.8787996882307093,0.8787996882307093,0.8787996882307093,0.8787996882307093,0.8787996882307093,0.8787996882307093,DUKE_005,0.98
0.8767015190372854,0.8767015190372854,0.8767015190372854,0.8767015190372854,0.8767015190372854,3,1.0,0.8972525404591645,False,1,0.8767015190372854,0.8767015190372854,0.8767015190372854,0.8767015190372854,0.8767015190372854,0.8767015190372854,0.8767015190372854,DUKE_005,0.99
0.9523225885525187,0.9523225885525187,0.0,0.9523225885525187,0.9523225885525187,9,1.0,0.427624872579001,True,1,0.0,0.9523225885525187,0.9523225885525187,0.9523225885525187,0.9523225885525187,0.0,0.0,DUKE_082,0.5
0.9562855025932329,0.9562855025932329,0.0,0.9562855025932329,0.9562855025932329,8,1.0,0.45639213954515345,True,1,0.0,0.9562855025932329,0.9562855025932329,0.9562855025932329,0.9562855025932329,0.0,0.0,DUKE_082,0.8
0.9590235396687009,0.9590235396687009,0.0,0.9590235396687009,0.9590235396687009,10,1.0,0.5401993355481728,True,1,0.0,0.9590235396687009,0.9590235396687009,0.9590235396687009,0.9590235396687009,0.9590235396687009,0.0,DUKE_082,0.95
0.958155850663994,0.958155850663994,0.0,0.958155850663994,0.958155850663994,7,1.0,0.646604441583521,True,1,0.0,0.958155850663994,0.958155850663994,0.958155850663994,0.958155850663994,0.958155850663994,0.0,DUKE_082,0.98
0.9588730977235568,0.9588730977235568,0.0,0.9588730977235568,0.9588730977235568,6,1.0,0.7604424947549113,True,1,0.0,0.9588730977235568,0.9588730977235568,0.9588730977235568,0.9588730977235568,0.9588730977235568,0.9588730977235568,DUKE_082,0.99
0.8643058602319023,0.8643058602319023,0.8643058602319023,0.0,0.8643058602319023,11,1.0,0.9313309238920664,False,1,0.8643058602319023,0.8643058602319023,0.8643058602319023,0.8643058602319023,0.8643058602319023,0.8643058602319023,0.8643058602319023,DUKE_090,0.5
0.8416593051974977,0.8416593051974977,0.8416593051974977,0.0,0.8416593051974977,12,1.0,0.9481787312856922,False,1,0.8416593051974977,0.8416593051974977,0.8416593051974977,0.8416593051974977,0.8416593051974977,0.8416593051974977,0.8416593051974977,DUKE_090,0.8
0.712513495345379,0.712513495345379,0.712513495345379,0.0,0.712513495345379,6,1.0,0.9561721582847234,False,1,0.712513495345379,0.712513495345379,0.712513495345379,0.712513495345379,0.712513495345379,0.712513495345379,0.712513495345379,DUKE_090,0.95
0.46572986783275194,0.46572986783275194,0.46572986783275194,0.46572986783275194,0.46572986783275194,11,1.0,0.8133653925876793,False,1,0.46572986783275194,0.46572986783275194,0.46572986783275194,0.46572986783275194,0.46572986783275194,0.46572986783275194,0.46572986783275194,DUKE_090,0.98
0.3492097224066941,0.3492097224066941,0.3492097224066941,0.3492097224066941,0.3492097224066941,9,1.0,0.8851147540983606,False,1,0.3492097224066941,0.3492097224066941,0.3492097224066941,0.3492097224066941,0.3492097224066941,0.3492097224066941,0.3492097224066941,DUKE_090,0.99
0.0,0.9076831447290054,0.9076831447290054,0.9076831447290054,0.0,21,0.99755859375,0.45443026518236945,True,3,0.9076831447290054,0.9076831447290054,0.9076831447290054,0.9076831447290054,0.0,0.9076831447290054,0.9076831447290054,DUKE_117,0.5
0.0,0.9026013309134906,0.9026013309134906,0.9026013309134906,0.0,18,0.99755859375,0.46771844660194173,True,3,0.9026013309134906,0.9026013309134906,0.9026013309134906,0.9026013309134906,0.0,0.9026013309134906,0.9026013309134906,DUKE_117,0.8
0.0,0.8960396039603961,0.8960396039603961,0.8960396039603961,0.0,7,0.99755859375,0.4087136929460581,True,3,0.8960396039603961,0.8960396039603961,0.8960396039603961,0.8960396039603961,0.0,0.8960396039603961,0.8960396039603961,DUKE_117,0.95
0.0,0.8832807570977917,0.8832807570977917,0.8832807570977917,0.0,7,1.0,0.4705361098803722,True,2,0.8832807570977917,0.0,0.0,0.0,0.0,0.8832807570977917,0.8832807570977917,DUKE_117,0.98
0.8779552715654952,0.8779552715654952,0.8779552715654952,0.8779552715654952,0.8779552715654952,5,1.0,0.4908350305498982,False,1,0.8779552715654952,0.8779552715654952,0.8779552715654952,0.8779552715654952,0.8779552715654952,0.8779552715654952,0.8779552715654952,DUKE_117,0.99
0.0,0.9346153846153846,0.9346153846153846,0.9346153846153846,0.0,17,0.9775390625,0.320737536990667,True,2,0.9346153846153846,0.9346153846153846,0.9346153846153846,0.9346153846153846,0.0,0.9346153846153846,0.9346153846153846,DUKE_141,0.5
0.9351535836177475,0.9351535836177475,0.9351535836177475,0.9351535836177475,0.9351535836177475,12,1.0,0.34739707383463764,False,1,0.9351535836177475,0.9351535836177475,0.9351535836177475,0.9351535836177475,0.9351535836177475,0.9351535836177475,0.9351535836177475,DUKE_141,0.8
0.9285004965243296,0.9285004965243296,0.9285004965243296,0.9285004965243296,0.9285004965243296,4,1.0,0.6336123631680618,False,1,0.9285004965243296,0.9285004965243296,0.9285004965243296,0.9285004965243296,0.9285004965243296,0.9285004965243296,0.9285004965243296,DUKE_141,0.95
0.9195171026156942,0.9195171026156942,0.9195171026156942,0.9195171026156942,0.9195171026156942,2,1.0,0.6852646638054364,False,1,0.9195171026156942,0.9195171026156942,0.9195171026156942,0.9195171026156942,0.9195171026156942,0.9195171026156942,0.9195171026156942,DUKE_141,0.98
0.9133537206931702,0.9133537206931702,0.9133537206931702,0.9133537206931702,0.9133537206931702,2,1.0,0.6919079435783222,False,1,0.9133537206931702,0.9133537206931702,0.9133537206931702,0.9133537206931702,0.9133537206931702,0.9133537206931702,0.9133537206931702,DUKE_141,0.99
0.0,0.4672897196261682,0.4672897196261682,0.0,0.0,12,0.9609375,0.3479901320563053,True,3,0.4672897196261682,0.4672897196261682,0.4672897196261682,0.4672897196261682,0.0,0.4672897196261682,0.4672897196261682,DUKE_177,0.5
0.0,0.50472334682861,0.50472334682861,0.0,0.0,7,1.0,0.2567091948966124,True,2,0.50472334682861,0.0,0.0,0.0,0.50472334682861,0.50472334682861,0.50472334682861,DUKE_177,0.8
0.0,0.5591559909570459,0.5591559909570459,0.0,0.0,5,1.0,0.42101105845181674,True,2,0.5591559909570459,0.0,0.0,0.0,0.0,0.5591559909570459,0.5591559909570459,DUKE_177,0.95
0.0,0.6201680672268908,0.6201680672268908,0.0,0.0,4,1.0,0.507700205338809,True,2,0.6201680672268908,0.0,0.0,0.0,0.0,0.0,0.6201680672268908,DUKE_177,0.98
0.0,0.6753731343283582,0.6753731343283582,0.0,0.0,3,1.0,0.518957345971564,True,2,0.6753731343283582,0.0,0.0,0.0,0.0,0.0,0.6753731343283582,DUKE_177,0.99
0.8222539909459138,0.8222539909459138,0.8222539909459138,0.8222539909459138,0.8222539909459138,23,1.0,0.4223371949162074,False,1,0.8222539909459138,0.8222539909459138,0.8222539909459138,0.8222539909459138,0.8222539909459138,0.8222539909459138,0.8222539909459138,DUKE_180,0.5
0.8092089150134705,0.8092089150134705,0.8092089150134705,0.8092089150134705,0.8092089150134705,12,1.0,0.4520056388568499,False,1,0.8092089150134705,0.8092089150134705,0.8092089150134705,0.8092089150134705,0.8092089150134705,0.8092089150134705,0.8092089150134705,DUKE_180,0.8
0.7900797165633304,0.7900797165633304,0.7900797165633304,0.7900797165633304,0.7900797165633304,8,1.0,0.479295154185022,False,1,0.7900797165633304,0.7900797165633304,0.7900797165633304,0.7900797165633304,0.7900797165633304,0.7900797165633304,0.7900797165633304,DUKE_180,0.95
0.7643992702632265,0.7643992702632265,0.7643992702632265,0.7643992702632265,0.7643992702632265,5,1.0,0.516595744680851,False,1,0.7643992702632265,0.7643992702632265,0.7643992702632265,0.7643992702632265,0.7643992702632265,0.7643992702632265,0.7643992702632265,DUKE_180,0.98
0.7207721587819467,0.7207721587819467,0.7207721587819467,0.7207721587819467,0.7207721587819467,3,1.0,0.5553965658217498,False,1,0.7207721587819467,0.7207721587819467,0.7207721587819467,0.7207721587819467,0.7207721587819467,0.7207721587819467,0.7207721587819467,DUKE_180,0.99
0.0,0.929456112008616,0.929456112008616,0.929456112008616,0.0,13,0.9970703125,0.3518886679920477,True,3,0.929456112008616,0.929456112008616,0.929456112008616,0.929456112008616,0.0,0.929456112008616,0.929456112008616,DUKE_239,0.5
0.0,0.9292035398230089,0.9292035398230089,0.9292035398230089,0.0,11,0.9970703125,0.3691208573129589,True,3,0.9292035398230089,0.9292035398230089,0.9292035398230089,0.9292035398230089,0.0,0.9292035398230089,0.9292035398230089,DUKE_239,0.8
0.0,0.898533724340176,0.898533724340176,0.898533724340176,0.0,8,0.9970703125,0.4161490683229814,True,2,0.898533724340176,0.898533724340176,0.898533724340176,0.898533724340176,0.0,0.898533724340176,0.898533724340176,DUKE_239,0.95
0.8537939543491672,0.8537939543491672,0.8537939543491672,0.8537939543491672,0.8537939543491672,4,0.9990234375,0.48737201365187716,False,1,0.8537939543491672,0.8537939543491672,0.8537939543491672,0.8537939543491672,0.8537939543491672,0.8537939543491672,0.8537939543491672,DUKE_239,0.98
0.7462482946793997,0.7462482946793997,0.7462482946793997,0.7462482946793997,0.7462482946793997,6,0.9990234375,0.7022613065326633,False,1,0.7462482946793997,0.7462482946793997,0.7462482946793997,0.7462482946793997,0.7462482946793997,0.7462482946793997,0.7462482946793997,DUKE_239,0.99
0.0,0.6831489915419648,0.6831489915419648,0.0,0.0,10,0.99951171875,0.4426908150064683,True,2,0.6831489915419648,0.0,0.0,0.6831489915419648,0.0,0.6831489915419648,0.6831489915419648,DUKE_240,0.5
0.0,0.6616746085772635,0.6616746085772635,0.0,0.0,9,0.99951171875,0.500945179584121,True,2,0.6616746085772635,0.0,0.0,0.6616746085772635,0.0,0.0,0.6616746085772635,DUKE_240,0.8
0.0,0.618808327351041,0.618808327351041,0.618808327351041,0.0,9,0.99951171875,0.6162489196197062,True,2,0.618808327351041,0.0,0.0,0.618808327351041,0.0,0.0,0.618808327351041,DUKE_240,0.95
0.0,0.5943536404160475,0.5943536404160475,0.5943536404160475,0.0,3,0.99951171875,0.6988543371522095,True,2,0.5943536404160475,0.0,0.0,0.5943536404160475,0.0,0.0,0.5943536404160475,DUKE_240,0.98
0.0,0.5632716049382716,0.5632716049382716,0.5632716049382716,0.0,3,0.99951171875,0.7081117021276596,True,2,0.5632716049382716,0.0,0.0,0.5632716049382716,0.0,0.0,0.0,DUKE_240,0.99
0.06077836745008845,0.06077836745008845,0.0,0.0,0.06077836745008845,22,0.99853515625,0.6207554833468725,True,1,0.0,0.0,0.0,0.0,0.06077836745008845,0.06077836745008845,0.0,DUKE_260,0.5
0.07027108889898531,0.07027108889898531,0.0,0.0,0.07027108889898531,16,0.99853515625,0.6383804769828064,True,1,0.0,0.0,0.0,0.0,0.07027108889898531,0.07027108889898531,0.0,DUKE_260,0.8
0.15021834061135372,0.15021834061135372,0.0,0.0,0.15021834061135372,17,0.99853515625,0.4293410692084542,True,1,0.0,0.0,0.0,0.0,0.15021834061135372,0.0,0.0,DUKE_260,0.95
0.0,0.4735758407687028,0.0,0.0,0.0,15,0.99755859375,0.275344437589965,True,3,0.0,0.0,0.0,0.0,0.0,0.0,0.0,DUKE_260,0.98
0.0,0.4709976798143852,0.0,0.0,0.0,16,0.99853515625,0.23281061519903498,True,2,0.0,0.0,0.0,0.0,0.0,0.0,0.0,DUKE_260,0.99
0.5103589743589744,0.5103589743589744,0.5103589743589744,0.0,0.5103589743589744,16,1.0,0.5268156424581005,False,1,0.5103589743589744,0.5103589743589744,0.5103589743589744,0.5103589743589744,0.5103589743589744,0.5103589743589744,0.5103589743589744,DUKE_269,0.5
0.4598597038191738,0.4598597038191738,0.4598597038191738,0.0,0.4598597038191738,14,1.0,0.6221374045801527,False,1,0.4598597038191738,0.4598597038191738,0.4598597038191738,0.4598597038191738,0.4598597038191738,0.4598597038191738,0.4598597038191738,DUKE_269,0.8
0.37391434561245884,0.37391434561245884,0.37391434561245884,0.0,0.37391434561245884,11,1.0,0.7571082879612825,False,1,0.37391434561245884,0.37391434561245884,0.37391434561245884,0.37391434561245884,0.37391434561245884,0.37391434561245884,0.37391434561245884,DUKE_269,0.95
0.2982758620689655,0.2982758620689655,0.2982758620689655,0.0,0.2982758620689655,8,1.0,0.7564458548195161,False,1,0.2982758620689655,0.2982758620689655,0.2982758620689655,0.2982758620689655,0.2982758620689655,0.2982758620689655,0.2982758620689655,DUKE_269,0.98
0.23278528406316132,0.23278528406316132,0.23278528406316132,0.0,0.23278528406316132,5,1.0,0.7754329004329005,False,1,0.23278528406316132,0.23278528406316132,0.23278528406316132,0.23278528406316132,0.23278528406316132,0.23278528406316132,0.23278528406316132,DUKE_269,0.99
0.5004188774085451,0.5004188774085451,0.5004188774085451,0.5004188774085451,0.5004188774085451,6,1.0,0.7465346534653465,False,1,0.5004188774085451,0.5004188774085451,0.5004188774085451,0.5004188774085451,0.5004188774085451,0.5004188774085451,0.5004188774085451,DUKE_306,0.5
0.6965408805031447,0.6965408805031447,0.6965408805031447,0.6965408805031447,0.6965408805031447,5,1.0,0.5570236439499304,False,1,0.6965408805031447,0.6965408805031447,0.6965408805031447,0.6965408805031447,0.6965408805031447,0.6965408805031447,0.6965408805031447,DUKE_306,0.8
0.7227310574521232,0.7227310574521232,0.7227310574521232,0.7227310574521232,0.7227310574521232,3,1.0,0.6512042818911686,False,1,0.7227310574521232,0.7227310574521232,0.7227310574521232,0.7227310574521232,0.7227310574521232,0.7227310574521232,0.7227310574521232,DUKE_306,0.95
0.7358408992650238,0.7358408992650238,0.7358408992650238,0.7358408992650238,0.7358408992650238,2,1.0,0.6763690182535768,False,1,0.7358408992650238,0.7358408992650238,0.7358408992650238,0.7358408992650238,0.7358408992650238,0.7358408992650238,0.7358408992650238,DUKE_306,0.98
0.7498865183840218,0.7498865183840218,0.7498865183840218,0.7498865183840218,0.7498865183840218,2,1.0,0.690958904109589,False,1,0.7498865183840218,0.7498865183840218,0.7498865183840218,0.7498865183840218,0.7498865183840218,0.7498865183840218,0.7498865183840218,DUKE_306,0.99
0.0,0.8928157589803013,0.0,0.0,0.0,10,0.998046875,0.35335112692763937,True,2,0.0,0.0,0.0,0.0,0.0,0.0,0.0,DUKE_328,0.5
0.0,0.8812260536398467,0.0,0.0,0.0,9,0.998046875,0.33797909407665505,True,2,0.0,0.0,0.0,0.0,0.0,0.0,0.0,DUKE_328,0.8
0.8617149758454107,0.8617149758454107,0.0,0.0,0.8617149758454107,9,1.0,0.2904506650784197,True,1,0.0,0.8617149758454107,0.8617149758454107,0.8617149758454107,0.0,0.0,0.0,DUKE_328,0.95
0.8301651604861328,0.8301651604861328,0.0,0.0,0.8301651604861328,14,1.0,0.35033487892838744,True,1,0.0,0.8301651604861328,0.8301651604861328,0.8301651604861328,0.8301651604861328,0.0,0.0,DUKE_328,0.98
0.7666446934739618,0.7666446934739618,0.0,0.0,0.7666446934739618,11,1.0,0.40485138366928597,True,1,0.0,0.7666446934739618,0.7666446934739618,0.7666446934739618,0.7666446934739618,0.0,0.0,DUKE_328,0.99
0.0,0.8522842639593908,0.0,0.8522842639593908,0.0,6,0.96435546875,0.38420002347693394,True,3,0.0,0.0,0.0,0.0,0.0,0.0,0.0,DUKE_338,0.5
0.832441113490364,0.832441113490364,0.0,0.832441113490364,0.832441113490364,8,1.0,0.299159951997257,True,1,0.0,0.832441113490364,0.832441113490364,0.832441113490364,0.0,0.0,0.0,DUKE_338,0.8
0.8246735204223395,0.8246735204223395,0.0,0.8246735204223395,0.8246735204223395,6,1.0,0.44766146993318484,True,1,0.0,0.8246735204223395,0.8246735204223395,0.8246735204223395,0.8246735204223395,0.0,0.0,DUKE_338,0.95
0.8048151332760103,0.8048151332760103,0.0,0.8048151332760103,0.8048151332760103,8,1.0,0.5243262163108156,True,1,0.0,0.8048151332760103,0.8048151332760103,0.8048151332760103,0.8048151332760103,0.8048151332760103,0.0,DUKE_338,0.98
0.773039069490009,0.773039069490009,0.0,0.773039069490009,0.773039069490009,4,1.0,0.6331938633193863,True,1,0.0,0.773039069490009,0.773039069490009,0.773039069490009,0.773039069490009,0.773039069490009,0.0,DUKE_338,0.99
0.0,0.8646423057128152,0.0,0.0,0.0,22,1.0,0.3359783045399759,True,2,0.0,0.0,0.0,0.0,0.0,0.0,0.0,DUKE_435,0.5
0.0,0.8794736842105263,0.0,0.0,0.0,20,1.0,0.28968014484007243,True,2,0.0,0.0,0.0,0.0,0.0,0.0,0.0,DUKE_435,0.8
0.8972064008679143,0.8972064008679143,0.0,0.0,0.8972064008679143,16,1.0,0.3074143889412504,True,1,0.0,0.8972064008679143,0.8972064008679143,0.8972064008679143,0.8972064008679143,0.0,0.0,DUKE_435,0.95
0.9112590127565169,0.9112590127565169,0.0,0.9112590127565169,0.9112590127565169,15,1.0,0.3893731838937318,True,1,0.0,0.9112590127565169,0.9112590127565169,0.9112590127565169,0.9112590127565169,0.0,0.0,DUKE_435,0.98
0.9186602870813397,0.9186602870813397,0.0,0.9186602870813397,0.9186602870813397,12,1.0,0.4850984566258648,True,1,0.0,0.9186602870813397,0.9186602870813397,0.9186602870813397,0.9186602870813397,0.0,0.0,DUKE_435,0.99
0.7222348743642298,0.7222348743642298,0.0,0.0,0.7222348743642298,13,0.99951171875,0.4991034785034068,True,1,0.0,0.7222348743642298,0.7222348743642298,0.0,0.7222348743642298,0.0,0.0,DUKE_489,0.5
0.692162649614691,0.692162649614691,0.0,0.0,0.692162649614691,10,0.99951171875,0.5164566852231663,True,1,0.0,0.692162649614691,0.692162649614691,0.0,0.692162649614691,0.692162649614691,0.0,DUKE_489,0.8
0.6021335807050093,0.6021335807050093,0.0,0.0,0.6021335807050093,8,0.99951171875,0.5774395702775291,True,1,0.0,0.6021335807050093,0.6021335807050093,0.0,0.6021335807050093,0.6021335807050093,0.0,DUKE_489,0.95
0.38411428571428574,0.38411428571428574,0.0,0.0,0.38411428571428574,14,0.99951171875,0.593452668924367,True,1,0.0,0.38411428571428574,0.38411428571428574,0.0,0.38411428571428574,0.38411428571428574,0.0,DUKE_489,0.98
0.2094542659492698,0.2094542659492698,0.0,0.0,0.2094542659492698,12,0.99951171875,0.6377224199288256,True,1,0.0,0.2094542659492698,0.2094542659492698,0.0,0.2094542659492698,0.2094542659492698,0.0,DUKE_489,0.99
0.0,0.9308035714285714,0.9308035714285714,0.9308035714285714,0.0,26,0.9990234375,0.26135945209514694,True,3,0.9308035714285714,0.0,0.9308035714285714,0.9308035714285714,0.9308035714285714,0.9308035714285714,0.9308035714285714,DUKE_491,0.5
0.0,0.9401129943502825,0.9401129943502825,0.9401129943502825,0.0,17,0.99951171875,0.24649298597194388,True,3,0.9401129943502825,0.0,0.0,0.9401129943502825,0.9401129943502825,0.9401129943502825,0.9401129943502825,DUKE_491,0.8
0.0,0.9463009910117539,0.9463009910117539,0.9463009910117539,0.0,14,0.99951171875,0.2966674716252113,True,2,0.9463009910117539,0.0,0.0,0.9463009910117539,0.9463009910117539,0.9463009910117539,0.9463009910117539,DUKE_491,0.95
0.9435464980089013,0.9435464980089013,0.9435464980089013,0.9435464980089013,0.9435464980089013,13,1.0,0.3435053522926985,False,1,0.9435464980089013,0.9435464980089013,0.9435464980089013,0.9435464980089013,0.9435464980089013,0.9435464980089013,0.9435464980089013,DUKE_491,0.98
0.9412607449856734,0.9412607449856734,0.9412607449856734,0.9412607449856734,0.9412607449856734,9,1.0,0.4334799916195265,False,1,0.9412607449856734,0.9412607449856734,0.9412607449856734,0.9412607449856734,0.9412607449856734,0.9412607449856734,0.9412607449856734,DUKE_491,0.99
0.0,0.40419276492394224,0.1780968382465251,0.1780968382465251,0.0,10,0.98291015625,0.33251206241658965,True,3,0.1780968382465251,0.1780968382465251,0.1780968382465251,0.1780968382465251,0.0,0.1780968382465251,0.1780968382465251,DUKE_517,0.5
0.0,0.35675097015923996,0.17142857142857143,0.17142857142857143,0.0,8,0.994140625,0.24564740307242136,True,2,0.17142857142857143,0.17142857142857143,0.17142857142857143,0.17142857142857143,0.17142857142857143,0.17142857142857143,0.17142857142857143,DUKE_517,0.8
0.23947175348495964,0.23947175348495964,0.16083049271769445,0.16083049271769445,0.23947175348495964,8,0.99853515625,0.2818955042527339,True,1,0.16083049271769445,0.16083049271769445,0.16083049271769445,0.16083049271769445,0.16083049271769445,0.16083049271769445,0.16083049271769445,DUKE_517,0.95
0.1483790523690773,0.15187899578980196,0.15187899578980196,0.15187899578980196,0.15187899578980196,7,0.99853515625,0.2921038100496963,True,2,0.15187899578980196,0.15187899578980196,0.15187899578980196,0.15187899578980196,0.15187899578980196,0.15187899578980196,0.15187899578980196,DUKE_517,0.98
0.14101758793969849,0.14101758793969849,0.14101758793969849,0.14101758793969849,0.14101758793969849,5,1.0,0.4546313799621928,False,1,0.14101758793969849,0.14101758793969849,0.14101758793969849,0.14101758793969849,0.14101758793969849,0.14101758793969849,0.14101758793969849,DUKE_517,0.99
0.8766349863555095,0.8766349863555095,0.8766349863555095,0.8766349863555095,0.8766349863555095,6,0.99951171875,0.7206558381857187,False,1,0.8766349863555095,0.8766349863555095,0.8766349863555095,0.8766349863555095,0.8766349863555095,0.8766349863555095,0.8766349863555095,DUKE_577,0.5
0.8495695075940796,0.8495695075940796,0.8495695075940796,0.8495695075940796,0.8495695075940796,6,0.99951171875,0.8343732274532047,False,1,0.8495695075940796,0.8495695075940796,0.8495695075940796,0.8495695075940796,0.8495695075940796,0.8495695075940796,0.8495695075940796,DUKE_577,0.8
0.8155844155844156,0.8155844155844156,0.8155844155844156,0.8155844155844156,0.8155844155844156,4,0.99951171875,0.9508959739353037,False,1,0.8155844155844156,0.8155844155844156,0.8155844155844156,0.8155844155844156,0.8155844155844156,0.8155844155844156,0.8155844155844156,DUKE_577,0.95
0.7660903978337846,0.7660903978337846,0.7660903978337846,0.7660903978337846,0.7660903978337846,2,0.99951171875,0.9663688912243825,False,1,0.7660903978337846,0.7660903978337846,0.7660903978337846,0.7660903978337846,0.7660903978337846,0.7660903978337846,0.7660903978337846,DUKE_577,0.98
0.6863288612928262,0.6863288612928262,0.6863288612928262,0.6863288612928262,0.6863288612928262,2,0.99951171875,0.9847279669105949,False,1,0.6863288612928262,0.6863288612928262,0.6863288612928262,0.6863288612928262,0.6863288612928262,0.6863288612928262,0.6863288612928262,DUKE_577,0.99
0.0,0.8938937733349391,0.8938937733349391,0.8938937733349391,0.0,12,1.0,0.450868040708116,True,2,0.8938937733349391,0.0,0.0,0.0,0.0,0.8938937733349391,0.8938937733349391,DUKE_590,0.5
0.0,0.8885093925347646,0.8885093925347646,0.8885093925347646,0.0,8,1.0,0.43139059304703475,True,2,0.8885093925347646,0.0,0.0,0.0,0.0,0.8885093925347646,0.8885093925347646,DUKE_590,0.8
0.8811465282925623,0.8811465282925623,0.8811465282925623,0.8811465282925623,0.8811465282925623,7,1.0,0.5194619347452776,False,1,0.8811465282925623,0.8811465282925623,0.8811465282925623,0.8811465282925623,0.8811465282925623,0.8811465282925623,0.8811465282925623,DUKE_590,0.95
0.8737380032406831,0.8737380032406831,0.8737380032406831,0.8737380032406831,0.8737380032406831,7,1.0,0.6994889937106918,False,1,0.8737380032406831,0.8737380032406831,0.8737380032406831,0.8737380032406831,0.8737380032406831,0.8737380032406831,0.8737380032406831,DUKE_590,0.98
0.8668512459098918,0.8668512459098918,0.8668512459098918,0.8668512459098918,0.8668512459098918,7,1.0,0.8208392267798208,False,1,0.8668512459098918,0.8668512459098918,0.8668512459098918,0.8668512459098918,0.8668512459098918,0.8668512459098918,0.8668512459098918,DUKE_590,0.99
0.8540202966432474,0.8540202966432474,0.0,0.0,0.8540202966432474,8,1.0,0.5455268389662028,True,1,0.0,0.8540202966432474,0.8540202966432474,0.8540202966432474,0.8540202966432474,0.8540202966432474,0.0,DUKE_595,0.5
0.8636363636363636,0.8636363636363636,0.0,0.0,0.8636363636363636,6,1.0,0.5894454382826476,True,1,0.0,0.8636363636363636,0.8636363636363636,0.8636363636363636,0.8636363636363636,0.8636363636363636,0.0,DUKE_595,0.8
0.8691013541239229,0.8691013541239229,0.0,0.0,0.8691013541239229,3,1.0,0.6173267326732673,True,1,0.0,0.8691013541239229,0.8691013541239229,0.8691013541239229,0.8691013541239229,0.8691013541239229,0.0,DUKE_595,0.95
0.8738435660218671,0.8738435660218671,0.0,0.0,0.8738435660218671,3,1.0,0.6181061394380853,True,1,0.0,0.8738435660218671,0.8738435660218671,0.8738435660218671,0.8738435660218671,0.8738435660218671,0.0,DUKE_595,0.98
0.8710089399744572,0.8710089399744572,0.0,0.0,0.8710089399744572,2,1.0,0.6305767138193689,True,1,0.0,0.8710089399744572,0.8710089399744572,0.8710089399744572,0.8710089399744572,0.8710089399744572,0.0,DUKE_595,0.99
0.9093845816907578,0.9093845816907578,0.9093845816907578,0.9093845816907578,0.9093845816907578,6,1.0,0.9181092567637608,False,1,0.9093845816907578,0.9093845816907578,0.9093845816907578,0.9093845816907578,0.9093845816907578,0.9093845816907578,0.9093845816907578,DUKE_597,0.5
0.90562148309098,0.90562148309098,0.90562148309098,0.90562148309098,0.90562148309098,6,1.0,0.9219146295396903,False,1,0.90562148309098,0.90562148309098,0.90562148309098,0.90562148309098,0.90562148309098,0.90562148309098,0.90562148309098,DUKE_597,0.8
0.8977046192401891,0.8977046192401891,0.8977046192401891,0.0,0.8977046192401891,4,1.0,0.9315350325751515,False,1,0.8977046192401891,0.8977046192401891,0.8977046192401891,0.8977046192401891,0.8977046192401891,0.8977046192401891,0.8977046192401891,DUKE_597,0.95
0.8823032316344669,0.8823032316344669,0.8823032316344669,0.0,0.8823032316344669,3,1.0,0.9361149689028441,False,1,0.8823032316344669,0.8823032316344669,0.8823032316344669,0.8823032316344669,0.8823032316344669,0.8823032316344669,0.8823032316344669,DUKE_597,0.98
0.8560890035085615,0.8560890035085615,0.8560890035085615,0.0,0.8560890035085615,2,1.0,0.9365856802216923,False,1,0.8560890035085615,0.8560890035085615,0.8560890035085615,0.8560890035085615,0.8560890035085615,0.8560890035085615,0.8560890035085615,DUKE_597,0.99
0.897834536368684,0.897834536368684,0.897834536368684,0.897834536368684,0.897834536368684,13,1.0,0.2578616352201258,False,1,0.897834536368684,0.897834536368684,0.897834536368684,0.897834536368684,0.897834536368684,0.897834536368684,0.897834536368684,DUKE_607,0.5
0.90458767238953,0.90458767238953,0.90458767238953,0.90458767238953,0.90458767238953,19,1.0,0.42710939276779625,False,1,0.90458767238953,0.90458767238953,0.90458767238953,0.90458767238953,0.90458767238953,0.90458767238953,0.90458767238953,DUKE_607,0.8
0.9116465863453815,0.9116465863453815,0.9116465863453815,0.9116465863453815,0.9116465863453815,13,1.0,0.656873413130214,False,1,0.9116465863453815,0.9116465863453815,0.9116465863453815,0.9116465863453815,0.9116465863453815,0.9116465863453815,0.9116465863453815,DUKE_607,0.95
0.9115764979639325,0.9115764979639325,0.9115764979639325,0.9115764979639325,0.9115764979639325,2,1.0,0.9676180021953897,False,1,0.9115764979639325,0.9115764979639325,0.9115764979639325,0.9115764979639325,0.9115764979639325,0.9115764979639325,0.9115764979639325,DUKE_607,0.98
0.9145550972304066,0.9145550972304066,0.9145550972304066,0.9145550972304066,0.9145550972304066,1,1.0,1.0,False,1,0.9145550972304066,0.9145550972304066,0.9145550972304066,0.9145550972304066,0.9145550972304066,0.9145550972304066,0.9145550972304066,DUKE_607,0.99
0.0,0.9296215201751642,0.9296215201751642,0.0,0.0,28,0.99951171875,0.2285955802439319,True,2,0.9296215201751642,0.0,0.0,0.9296215201751642,0.9296215201751642,0.9296215201751642,0.9296215201751642,DUKE_612,0.5
0.0,0.9326953748006379,0.9326953748006379,0.0,0.0,25,0.99951171875,0.28316963542533713,True,2,0.9326953748006379,0.0,0.0,0.9326953748006379,0.9326953748006379,0.9326953748006379,0.9326953748006379,DUKE_612,0.8
0.9286649214659686,0.9286649214659686,0.9286649214659686,0.0,0.9286649214659686,14,1.0,0.34276512537382103,False,1,0.9286649214659686,0.9286649214659686,0.9286649214659686,0.9286649214659686,0.9286649214659686,0.9286649214659686,0.9286649214659686,DUKE_612,0.95
0.9197717354817053,0.9197717354817053,0.9197717354817053,0.0,0.9197717354817053,9,1.0,0.4317140238313474,False,1,0.9197717354817053,0.9197717354817053,0.9197717354817053,0.9197717354817053,0.9197717354817053,0.9197717354817053,0.9197717354817053,DUKE_612,0.98
0.9097744360902256,0.9097744360902256,0.9097744360902256,0.0,0.9097744360902256,4,1.0,0.556920556920557,False,1,0.9097744360902256,0.9097744360902256,0.9097744360902256,0.9097744360902256,0.9097744360902256,0.9097744360902256,0.9097744360902256,DUKE_612,0.99
0.9283563163734347,0.9283563163734347,0.9283563163734347,0.9283563163734347,0.9283563163734347,10,1.0,0.6613436123348018,False,1,0.9283563163734347,0.9283563163734347,0.9283563163734347,0.9283563163734347,0.9283563163734347,0.9283563163734347,0.9283563163734347,DUKE_618,0.5
0.9242690525643074,0.9242690525643074,0.9242690525643074,0.9242690525643074,0.9242690525643074,7,1.0,0.7023908647555609,False,1,0.9242690525643074,0.9242690525643074,0.9242690525643074,0.9242690525643074,0.9242690525643074,0.9242690525643074,0.9242690525643074,DUKE_618,0.8
0.9177761639635278,0.9177761639635278,0.9177761639635278,0.9177761639635278,0.9177761639635278,7,1.0,0.7418816583237069,False,1,0.9177761639635278,0.9177761639635278,0.9177761639635278,0.9177761639635278,0.9177761639635278,0.9177761639635278,0.9177761639635278,DUKE_618,0.95
0.9135200974421437,0.9135200974421437,0.9135200974421437,0.9135200974421437,0.9135200974421437,6,1.0,0.7890949349570994,False,1,0.9135200974421437,0.9135200974421437,0.9135200974421437,0.9135200974421437,0.9135200974421437,0.9135200974421437,0.9135200974421437,DUKE_618,0.98
0.9096109839816934,0.9096109839816934,0.9096109839816934,0.9096109839816934,0.9096109839816934,8,1.0,0.853133060233652,False,1,0.9096109839816934,0.9096109839816934,0.9096109839816934,0.9096109839816934,0.9096109839816934,0.9096109839816934,0.9096109839816934,DUKE_618,0.99
0.7339290361759347,0.7339290361759347,0.0,0.0,0.7339290361759347,22,0.99951171875,0.4805180787911495,True,1,0.0,0.7339290361759347,0.7339290361759347,0.0,0.7339290361759347,0.0,0.0,DUKE_652,0.5
0.7035239122617764,0.7035239122617764,0.0,0.0,0.7035239122617764,15,0.99951171875,0.5464975030368471,True,1,0.0,0.7035239122617764,0.7035239122617764,0.0,0.7035239122617764,0.7035239122617764,0.0,DUKE_652,0.8
0.6201235998455001,0.6201235998455001,0.0,0.0,0.6201235998455001,11,0.99951171875,0.5792725988700564,True,1,0.0,0.6201235998455001,0.6201235998455001,0.0,0.6201235998455001,0.6201235998455001,0.0,DUKE_652,0.95
0.5185648727576136,0.5185648727576136,0.0,0.0,0.5185648727576136,14,0.99951171875,0.6068582468002898,True,1,0.0,0.5185648727576136,0.5185648727576136,0.0,0.5185648727576136,0.5185648727576136,0.0,DUKE_652,0.98
0.3831339031339031,0.3831339031339031,0.0,0.0,0.3831339031339031,8,0.99951171875,0.6172839506172839,True,1,0.0,0.3831339031339031,0.3831339031339031,0.0,0.3831339031339031,0.3831339031339031,0.0,DUKE_652,0.99
0.0,0.8633333333333333,0.8633333333333333,0.8633333333333333,0.0,10,0.998046875,0.48072768618533257,True,4,0.8633333333333333,0.8633333333333333,0.8633333333333333,0.8633333333333333,0.0,0.8633333333333333,0.8633333333333333,DUKE_656,0.5
0.0,0.864406779661017,0.864406779661017,0.864406779661017,0.0,9,0.998046875,0.5238293155998892,True,4,0.864406779661017,0.864406779661017,0.864406779661017,0.864406779661017,0.0,0.0,0.864406779661017,DUKE_656,0.8
0.0,0.8601398601398601,0.8601398601398601,0.8601398601398601,0.0,7,0.998046875,0.6332823092062103,True,4,0.8601398601398601,0.8601398601398601,0.8601398601398601,0.8601398601398601,0.0,0.0,0.8601398601398601,DUKE_656,0.95
0.0,0.8669064748201439,0.8669064748201439,0.8669064748201439,0.0,5,0.998046875,0.5701624815361891,True,3,0.8669064748201439,0.8669064748201439,0.8669064748201439,0.8669064748201439,0.0,0.0,0.8669064748201439,DUKE_656,0.98
0.0,0.8733944954128441,0.8733944954128441,0.8733944954128441,0.0,3,0.998046875,0.5559534467323187,True,2,0.8733944954128441,0.8733944954128441,0.8733944954128441,0.8733944954128441,0.0,0.0,0.8733944954128441,DUKE_656,0.99
0.6643432080325284,0.6643432080325284,0.6643432080325284,0.6643432080325284,0.6643432080325284,8,0.99951171875,0.8466076696165191,False,1,0.6643432080325284,0.6643432080325284,0.6643432080325284,0.6643432080325284,0.6643432080325284,0.6643432080325284,0.6643432080325284,DUKE_681,0.5
0.6118657435807554,0.6118657435807554,0.6118657435807554,0.6118657435807554,0.6118657435807554,7,0.99951171875,0.8908604764219737,False,1,0.6118657435807554,0.6118657435807554,0.6118657435807554,0.6118657435807554,0.6118657435807554,0.6118657435807554,0.6118657435807554,DUKE_681,0.8
0.32817537072856223,0.32817537072856223,0.25174039973051876,0.25174039973051876,0.32817537072856223,7,0.99853515625,0.5111402359108781,True,1,0.25174039973051876,0.25174039973051876,0.25174039973051876,0.25174039973051876,0.32817537072856223,0.32817537072856223,0.25174039973051876,DUKE_681,0.95
0.2242819544570317,0.2242819544570317,0.20962714994805495,0.20962714994805495,0.2242819544570317,6,0.99853515625,0.47195817490494296,True,1,0.20962714994805495,0.20962714994805495,0.20962714994805495,0.20962714994805495,0.2242819544570317,0.20962714994805495,0.20962714994805495,DUKE_681,0.98
0.14746653919694072,0.14746653919694072,0.14746653919694072,0.14746653919694072,0.14746653919694072,8,0.99951171875,0.49919743178170145,False,1,0.14746653919694072,0.14746653919694072,0.14746653919694072,0.14746653919694072,0.14746653919694072,0.14746653919694072,0.14746653919694072,DUKE_681,0.99
0.9288557213930348,0.9288557213930348,0.9288557213930348,0.9288557213930348,0.9288557213930348,2,1.0,0.954461396208969,False,1,0.9288557213930348,0.9288557213930348,0.9288557213930348,0.9288557213930348,0.9288557213930348,0.9288557213930348,0.9288557213930348,DUKE_685,0.5
0.9302560221969983,0.9302560221969983,0.9302560221969983,0.9302560221969983,0.9302560221969983,3,1.0,0.9802390827030983,False,1,0.9302560221969983,0.9302560221969983,0.9302560221969983,0.9302560221969983,0.9302560221969983,0.9302560221969983,0.9302560221969983,DUKE_685,0.8
0.9267352185089974,0.9267352185089974,0.9267352185089974,0.9267352185089974,0.9267352185089974,1,1.0,1.0,False,1,0.9267352185089974,0.9267352185089974,0.9267352185089974,0.9267352185089974,0.9267352185089974,0.9267352185089974,0.9267352185089974,DUKE_685,0.95
0.9239613274105043,0.9239613274105043,0.9239613274105043,0.9239613274105043,0.9239613274105043,1,1.0,1.0,False,1,0.9239613274105043,0.9239613274105043,0.9239613274105043,0.9239613274105043,0.9239613274105043,0.9239613274105043,0.9239613274105043,DUKE_685,0.98
0.9142781316348195,0.9142781316348195,0.9142781316348195,0.9142781316348195,0.9142781316348195,1,1.0,1.0,False,1,0.9142781316348195,0.9142781316348195,0.9142781316348195,0.9142781316348195,0.9142781316348195,0.9142781316348195,0.9142781316348195,DUKE_685,0.99
0.0,0.7664687197900842,0.0,0.0,0.7664687197900842,6,0.9970703125,0.3874121191831269,True,2,0.0,0.0,0.0,0.0,0.0,0.0,0.0,DUKE_694,0.5
0.7302338929545128,0.7302338929545128,0.0,0.0,0.7302338929545128,13,1.0,0.4374894834258792,True,1,0.0,0.7302338929545128,0.7302338929545128,0.7302338929545128,0.7302338929545128,0.0,0.0,DUKE_694,0.8
0.6557954371459195,0.6557954371459195,0.0,0.0,0.6557954371459195,14,1.0,0.5494980302452662,True,1,0.0,0.6557954371459195,0.6557954371459195,0.6557954371459195,0.6557954371459195,0.6557954371459195,0.0,DUKE_694,0.95
0.5621408635692005,0.5621408635692005,0.0,0.0,0.5621408635692005,9,1.0,0.6215484569572279,True,1,0.0,0.5621408635692005,0.5621408635692005,0.5621408635692005,0.5621408635692005,0.5621408635692005,0.0,DUKE_694,0.98
0.4496014171833481,0.4496014171833481,0.0,0.0,0.4496014171833481,8,1.0,0.6147916164779571,True,1,0.0,0.4496014171833481,0.4496014171833481,0.4496014171833481,0.4496014171833481,0.4496014171833481,0.0,DUKE_694,0.99
0.2643253234750462,0.2643253234750462,0.0,0.0,0.2643253234750462,23,0.99951171875,0.20590828924162258,True,1,0.0,0.2643253234750462,0.2643253234750462,0.0,0.0,0.0,0.0,DUKE_697,0.5
0.2851365015166835,0.2851365015166835,0.0,0.0,0.2851365015166835,21,0.99951171875,0.23354623715634545,True,1,0.0,0.2851365015166835,0.2851365015166835,0.0,0.0,0.0,0.0,DUKE_697,0.8
0.30855855855855857,0.30855855855855857,0.0,0.30855855855855857,0.30855855855855857,15,0.99951171875,0.27798647633358375,True,1,0.0,0.30855855855855857,0.30855855855855857,0.0,0.0,0.0,0.0,DUKE_697,0.95
0.3680456490727532,0.3680456490727532,0.0,0.3680456490727532,0.3680456490727532,15,0.99951171875,0.29028871391076116,True,1,0.0,0.3680456490727532,0.3680456490727532,0.0,0.0,0.0,0.0,DUKE_697,0.98
0.3801916932907348,0.3801916932907348,0.0,0.3801916932907348,0.3801916932907348,10,0.99951171875,0.4020185029436501,True,1,0.0,0.3801916932907348,0.3801916932907348,0.0,0.3801916932907348,0.0,0.0,DUKE_697,0.99
0.823488479975259,0.823488479975259,0.823488479975259,0.0,0.823488479975259,13,1.0,0.9520634121791646,False,1,0.823488479975259,0.823488479975259,0.823488479975259,0.823488479975259,0.823488479975259,0.823488479975259,0.823488479975259,DUKE_710,0.5
0.7690732206861239,0.7690732206861239,0.7690732206861239,0.0,0.7690732206861239,8,1.0,0.9601669011692785,False,1,0.7690732206861239,0.7690732206861239,0.7690732206861239,0.7690732206861239,0.7690732206861239,0.7690732206861239,0.7690732206861239,DUKE_710,0.8
0.6550281869430805,0.6550281869430805,0.6550281869430805,0.0,0.6550281869430805,6,1.0,0.967151632719043,False,1,0.6550281869430805,0.6550281869430805,0.6550281869430805,0.6550281869430805,0.6550281869430805,0.6550281869430805,0.6550281869430805,DUKE_710,0.95
0.511307618031204,0.511307618031204,0.511307618031204,0.0,0.511307618031204,3,1.0,0.9684655091506335,False,1,0.511307618031204,0.511307618031204,0.511307618031204,0.511307618031204,0.511307618031204,0.511307618031204,0.511307618031204,DUKE_710,0.98
0.31834870341996474,0.31834870341996474,0.31834870341996474,0.31834870341996474,0.31834870341996474,8,1.0,0.8429676832043695,False,1,0.31834870341996474,0.31834870341996474,0.31834870341996474,0.31834870341996474,0.31834870341996474,0.31834870341996474,0.31834870341996474,DUKE_710,0.99
0.8101611839004619,0.8101611839004619,0.8101611839004619,0.8101611839004619,0.8101611839004619,11,1.0,0.787771560236998,False,1,0.8101611839004619,0.8101611839004619,0.8101611839004619,0.8101611839004619,0.8101611839004619,0.8101611839004619,0.8101611839004619,DUKE_778,0.5
0.7412479406919276,0.7412479406919276,0.7412479406919276,0.7412479406919276,0.7412479406919276,13,1.0,0.7112553716741337,False,1,0.7412479406919276,0.7412479406919276,0.7412479406919276,0.7412479406919276,0.7412479406919276,0.7412479406919276,0.7412479406919276,DUKE_778,0.8
0.7350078492935636,0.7350078492935636,0.7350078492935636,0.7350078492935636,0.7350078492935636,13,1.0,0.7819210223106735,False,1,0.7350078492935636,0.7350078492935636,0.7350078492935636,0.7350078492935636,0.7350078492935636,0.7350078492935636,0.7350078492935636,DUKE_778,0.95
0.7276980329611908,0.7276980329611908,0.7276980329611908,0.7276980329611908,0.7276980329611908,9,1.0,0.8639816712890389,False,1,0.7276980329611908,0.7276980329611908,0.7276980329611908,0.7276980329611908,0.7276980329611908,0.7276980329611908,0.7276980329611908,DUKE_778,0.98
0.7114444082164982,0.7114444082164982,0.7114444082164982,0.7114444082164982,0.7114444082164982,6,1.0,0.9348367459878252,False,1,0.7114444082164982,0.7114444082164982,0.7114444082164982,0.7114444082164982,0.7114444082164982,0.7114444082164982,0.7114444082164982,DUKE_778,0.99
0.5982095839915745,0.5982095839915745,0.5982095839915745,0.5982095839915745,0.5982095839915745,10,1.0,0.3715647784632642,False,1,0.5982095839915745,0.5982095839915745,0.5982095839915745,0.5982095839915745,0.5982095839915745,0.5982095839915745,0.5982095839915745,DUKE_792,0.5
0.6321070234113713,0.6321070234113713,0.6321070234113713,0.6321070234113713,0.6321070234113713,9,1.0,0.4961366409109394,False,1,0.6321070234113713,0.6321070234113713,0.6321070234113713,0.6321070234113713,0.6321070234113713,0.6321070234113713,0.6321070234113713,DUKE_792,0.8
0.6815440289505428,0.6815440289505428,0.6815440289505428,0.6815440289505428,0.6815440289505428,7,1.0,0.7399317406143344,False,1,0.6815440289505428,0.6815440289505428,0.6815440289505428,0.6815440289505428,0.6815440289505428,0.6815440289505428,0.6815440289505428,DUKE_792,0.95
0.7256294383473209,0.7256294383473209,0.7256294383473209,0.7256294383473209,0.7256294383473209,3,1.0,0.935700575815739,False,1,0.7256294383473209,0.7256294383473209,0.7256294383473209,0.7256294383473209,0.7256294383473209,0.7256294383473209,0.7256294383473209,DUKE_792,0.98
0.7790940766550523,0.7790940766550523,0.7790940766550523,0.7790940766550523,0.7790940766550523,2,1.0,0.9761904761904762,False,1,0.7790940766550523,0.7790940766550523,0.7790940766550523,0.7790940766550523,0.7790940766550523,0.7790940766550523,0.7790940766550523,DUKE_792,0.99
0.0,0.796812749003984,0.0,0.0,0.0,20,1.0,0.34405483785921437,True,7,0.0,0.0,0.0,0.0,0.0,0.0,0.0,DUKE_816,0.5
0.0,0.8195991091314031,0.0,0.0,0.0,22,1.0,0.3175569862536976,True,7,0.0,0.0,0.0,0.0,0.0,0.0,0.0,DUKE_816,0.8
0.0,0.6974063400576369,0.0,0.0,0.0,17,1.0,0.3870644271747305,True,7,0.0,0.0,0.0,0.0,0.0,0.0,0.0,DUKE_816,0.95
0.0,0.48056537102473496,0.0,0.0,0.0,15,1.0,0.4665474060822898,True,7,0.0,0.0,0.0,0.0,0.0,0.0,0.0,DUKE_816,0.98
0.0,0.22033898305084745,0.0,0.0,0.0,12,1.0,0.4730331519049975,True,10,0.0,0.0,0.0,0.0,0.0,0.0,0.0,DUKE_816,0.99
0.7771784232365145,0.7771784232365145,0.7771784232365145,0.7771784232365145,0.7771784232365145,10,1.0,0.6223698781838317,False,1,0.7771784232365145,0.7771784232365145,0.7771784232365145,0.7771784232365145,0.7771784232365145,0.7771784232365145,0.7771784232365145,DUKE_822,0.5
0.7909827095644562,0.7909827095644562,0.7909827095644562,0.7909827095644562,0.7909827095644562,6,1.0,0.7636526410026858,False,1,0.7909827095644562,0.7909827095644562,0.7909827095644562,0.7909827095644562,0.7909827095644562,0.7909827095644562,0.7909827095644562,DUKE_822,0.8
0.7972878185644143,0.7972878185644143,0.7972878185644143,0.7972878185644143,0.7972878185644143,3,1.0,0.9788428324697754,False,1,0.7972878185644143,0.7972878185644143,0.7972878185644143,0.7972878185644143,0.7972878185644143,0.7972878185644143,0.7972878185644143,DUKE_822,0.95
0.7900302114803626,0.7900302114803626,0.7900302114803626,0.7900302114803626,0.7900302114803626,1,1.0,1.0,False,1,0.7900302114803626,0.7900302114803626,0.7900302114803626,0.7900302114803626,0.7900302114803626,0.7900302114803626,0.7900302114803626,DUKE_822,0.98
0.7200689061154177,0.7200689061154177,0.7200689061154177,0.7200689061154177,0.7200689061154177,1,1.0,1.0,False,1,0.7200689061154177,0.7200689061154177,0.7200689061154177,0.7200689061154177,0.7200689061154177,0.7200689061154177,0.7200689061154177,DUKE_822,0.99
0.0,0.7717717717717718,0.0,0.7717717717717718,0.0,22,0.998046875,0.22856310962294366,True,5,0.0,0.0,0.0,0.0,0.0,0.0,0.0,DUKE_834,0.5
0.0,0.7779495105615662,0.0,0.7779495105615662,0.0,21,1.0,0.28682250724038066,False,3,0.0,0.0,0.0,0.0,0.0,0.0,0.0,DUKE_834,0.8
0.0,0.7764705882352941,0.0,0.0,0.0,16,1.0,0.37813961545123853,False,3,0.0,0.0,0.0,0.0,0.0,0.0,0.0,DUKE_834,0.95
0.0,0.7724215246636771,0.0,0.0,0.0,8,1.0,0.5540005281225244,False,2,0.0,0.0,0.0,0.0,0.0,0.0,0.0,DUKE_834,0.98
0.0,0.7654028436018957,0.0,0.0,0.0,5,1.0,0.6721476510067114,False,2,0.0,0.0,0.0,0.0,0.0,0.0,0.0,DUKE_834,0.99
0.780952380952381,0.780952380952381,0.780952380952381,0.780952380952381,0.780952380952381,12,1.0,0.5110410094637224,False,1,0.780952380952381,0.780952380952381,0.780952380952381,0.780952380952381,0.780952380952381,0.780952380952381,0.780952380952381,DUKE_850,0.5
0.7846165970525653,0.7846165970525653,0.7846165970525653,0.7846165970525653,0.7846165970525653,11,1.0,0.674112368318377,False,1,0.7846165970525653,0.7846165970525653,0.7846165970525653,0.7846165970525653,0.7846165970525653,0.7846165970525653,0.7846165970525653,DUKE_850,0.8
0.7797485219418769,0.7797485219418769,0.7797485219418769,0.7797485219418769,0.7797485219418769,7,1.0,0.9462414578587699,False,1,0.7797485219418769,0.7797485219418769,0.7797485219418769,0.7797485219418769,0.7797485219418769,0.7797485219418769,0.7797485219418769,DUKE_850,0.95
0.7716259949269658,0.7716259949269658,0.7716259949269658,0.7716259949269658,0.7716259949269658,1,1.0,1.0,False,1,0.7716259949269658,0.7716259949269658,0.7716259949269658,0.7716259949269658,0.7716259949269658,0.7716259949269658,0.7716259949269658,DUKE_850,0.98
0.7545020213156928,0.7545020213156928,0.7545020213156928,0.7545020213156928,0.7545020213156928,1,1.0,1.0,False,1,0.7545020213156928,0.7545020213156928,0.7545020213156928,0.7545020213156928,0.7545020213156928,0.7545020213156928,0.7545020213156928,DUKE_850,0.99
0.41369135438182353,0.41369135438182353,0.41369135438182353,0.0,0.41369135438182353,6,1.0,0.6366223908918406,False,1,0.41369135438182353,0.41369135438182353,0.41369135438182353,0.41369135438182353,0.41369135438182353,0.41369135438182353,0.41369135438182353,DUKE_865,0.5
0.4378140703517588,0.4378140703517588,0.4378140703517588,0.0,0.4378140703517588,4,1.0,0.6899526857779015,False,1,0.4378140703517588,0.4378140703517588,0.4378140703517588,0.4378140703517588,0.4378140703517588,0.4378140703517588,0.4378140703517588,DUKE_865,0.8
0.47983453981385726,0.47983453981385726,0.47983453981385726,0.0,0.47983453981385726,3,1.0,0.7283582089552239,False,1,0.47983453981385726,0.47983453981385726,0.47983453981385726,0.47983453981385726,0.47983453981385726,0.47983453981385726,0.47983453981385726,DUKE_865,0.95
0.5366795366795367,0.5366795366795367,0.5366795366795367,0.0,0.5366795366795367,4,1.0,0.7046728971962617,False,1,0.5366795366795367,0.5366795366795367,0.5366795366795367,0.5366795366795367,0.5366795366795367,0.5366795366795367,0.5366795366795367,DUKE_865,0.98
0.5807531380753138,0.5807531380753138,0.5807531380753138,0.0,0.5807531380753138,4,1.0,0.6974337748344371,False,1,0.5807531380753138,0.5807531380753138,0.5807531380753138,0.5807531380753138,0.5807531380753138,0.5807531380753138,0.5807531380753138,DUKE_865,0.99
0.0,0.8644264194669756,0.0,0.8644264194669756,0.0,17,0.9921875,0.5375693393847706,True,5,0.0,0.0,0.0,0.0,0.0,0.0,0.0,DUKE_916,0.5
0.0,0.8791469194312796,0.0,0.8791469194312796,0.0,14,0.9921875,0.4613855329561095,True,3,0.0,0.0,0.0,0.0,0.0,0.0,0.0,DUKE_916,0.8
0.0,0.8870192307692307,0.0,0.8870192307692307,0.0,13,0.9921875,0.24207988980716252,True,3,0.0,0.0,0.0,0.0,0.0,0.0,0.0,DUKE_916,0.95
0.8899755501222494,0.8899755501222494,0.0,0.8899755501222494,0.8899755501222494,10,1.0,0.2794871794871795,True,1,0.0,0.8899755501222494,0.8899755501222494,0.8899755501222494,0.0,0.0,0.0,DUKE_916,0.98
0.8996282527881041,0.8996282527881041,0.0,0.8996282527881041,0.8996282527881041,5,1.0,0.4017013232514178,True,1,0.0,0.8996282527881041,0.8996282527881041,0.8996282527881041,0.8996282527881041,0.0,0.0,DUKE_916,0.99
0.6045023988190429,0.6045023988190429,0.6045023988190429,0.0,0.6045023988190429,14,1.0,0.6628765678115109,False,1,0.6045023988190429,0.6045023988190429,0.6045023988190429,0.6045023988190429,0.6045023988190429,0.6045023988190429,0.6045023988190429,ISPY1_1004,0.5
0.5679583574320416,0.5679583574320416,0.5679583574320416,0.0,0.5679583574320416,11,1.0,0.6904330873137446,False,1,0.5679583574320416,0.5679583574320416,0.5679583574320416,0.5679583574320416,0.5679583574320416,0.5679583574320416,0.5679583574320416,ISPY1_1004,0.8
0.5209710047201618,0.5209710047201618,0.5209710047201618,0.5209710047201618,0.5209710047201618,11,1.0,0.7337267835445235,False,1,0.5209710047201618,0.5209710047201618,0.5209710047201618,0.5209710047201618,0.5209710047201618,0.5209710047201618,0.5209710047201618,ISPY1_1004,0.95
0.47161572052401746,0.47161572052401746,0.47161572052401746,0.47161572052401746,0.47161572052401746,10,1.0,0.7739504843918191,False,1,0.47161572052401746,0.47161572052401746,0.47161572052401746,0.47161572052401746,0.47161572052401746,0.47161572052401746,0.47161572052401746,ISPY1_1004,0.98
0.34365325077399383,0.34365325077399383,0.34365325077399383,0.34365325077399383,0.34365325077399383,9,1.0,0.629790703995651,False,1,0.34365325077399383,0.34365325077399383,0.34365325077399383,0.34365325077399383,0.34365325077399383,0.34365325077399383,0.34365325077399383,ISPY1_1004,0.99
0.8104404567699837,0.8104404567699837,0.0,0.8104404567699837,0.8104404567699837,18,0.99951171875,0.2531191739566901,True,1,0.0,0.8104404567699837,0.8104404567699837,0.0,0.0,0.0,0.0,ISPY1_1025,0.5
0.8221771467207573,0.8221771467207573,0.0,0.8221771467207573,0.8221771467207573,16,0.99951171875,0.29195280859306216,True,1,0.0,0.8221771467207573,0.8221771467207573,0.0,0.0,0.0,0.0,ISPY1_1025,0.8
0.8369121561668146,0.8369121561668146,0.0,0.8369121561668146,0.8369121561668146,15,0.99951171875,0.4031615302869288,True,1,0.0,0.8369121561668146,0.8369121561668146,0.0,0.8369121561668146,0.0,0.0,ISPY1_1025,0.95
0.8394781622234827,0.8394781622234827,0.0,0.8394781622234827,0.8394781622234827,9,0.99951171875,0.545989847715736,True,1,0.0,0.8394781622234827,0.8394781622234827,0.0,0.8394781622234827,0.8394781622234827,0.0,ISPY1_1025,0.98
0.7956234516928159,0.7956234516928159,0.0,0.7956234516928159,0.7956234516928159,7,0.99951171875,0.6592244418331374,True,1,0.0,0.7956234516928159,0.7956234516928159,0.0,0.7956234516928159,0.7956234516928159,0.0,ISPY1_1025,0.99
0.7487449199139373,0.7487449199139373,0.7487449199139373,0.0,0.7487449199139373,12,1.0,0.7566771329999612,False,1,0.7487449199139373,0.7487449199139373,0.7487449199139373,0.7487449199139373,0.7487449199139373,0.7487449199139373,0.7487449199139373,ISPY1_1037,0.5
0.7179032954055098,0.7179032954055098,0.7179032954055098,0.0,0.7179032954055098,13,1.0,0.7803337041156841,False,1,0.7179032954055098,0.7179032954055098,0.7179032954055098,0.7179032954055098,0.7179032954055098,0.7179032954055098,0.7179032954055098,ISPY1_1037,0.8
0.6436238306253077,0.6436238306253077,0.6436238306253077,0.0,0.6436238306253077,8,1.0,0.8273983835070868,False,1,0.6436238306253077,0.6436238306253077,0.6436238306253077,0.6436238306253077,0.6436238306253077,0.6436238306253077,0.6436238306253077,ISPY1_1037,0.95
0.5035903667697746,0.5035903667697746,0.5035903667697746,0.0,0.5035903667697746,10,1.0,0.8847099535561425,False,1,0.5035903667697746,0.5035903667697746,0.5035903667697746,0.5035903667697746,0.5035903667697746,0.5035903667697746,0.5035903667697746,ISPY1_1037,0.98
0.3470865559424398,0.3470865559424398,0.3470865559424398,0.0,0.3470865559424398,11,1.0,0.8832246591582691,False,1,0.3470865559424398,0.3470865559424398,0.3470865559424398,0.3470865559424398,0.3470865559424398,0.3470865559424398,0.3470865559424398,ISPY1_1037,0.99
0.2969202548754586,0.2969202548754586,0.2969202548754586,0.2969202548754586,0.2969202548754586,22,1.0,0.9027527405602923,False,1,0.2969202548754586,0.2969202548754586,0.2969202548754586,0.2969202548754586,0.2969202548754586,0.2969202548754586,0.2969202548754586,ISPY1_1049,0.5
0.25825039718799137,0.25825039718799137,0.25825039718799137,0.012290576285201507,0.25825039718799137,18,1.0,0.9175426302265826,False,1,0.25825039718799137,0.25825039718799137,0.25825039718799137,0.25825039718799137,0.25825039718799137,0.25825039718799137,0.25825039718799137,ISPY1_1049,0.8
0.14504800736551363,0.14504800736551363,0.14504800736551363,0.03585953313896265,0.14504800736551363,20,1.0,0.7133132270573029,False,1,0.14504800736551363,0.14504800736551363,0.14504800736551363,0.14504800736551363,0.14504800736551363,0.14504800736551363,0.14504800736551363,ISPY1_1049,0.95
0.07631657921300801,0.07631657921300801,0.07631657921300801,0.025113899469713943,0.07631657921300801,11,1.0,0.6629799336388055,False,1,0.07631657921300801,0.07631657921300801,0.07631657921300801,0.07631657921300801,0.07631657921300801,0.07631657921300801,0.07631657921300801,ISPY1_1049,0.98
0.02815142108746516,0.02815142108746516,0.02815142108746516,0.02815142108746516,0.02815142108746516,17,1.0,0.4844401668270773,False,1,0.02815142108746516,0.02815142108746516,0.02815142108746516,0.02815142108746516,0.02815142108746516,0.02815142108746516,0.02815142108746516,ISPY1_1049,0.99
0.0,0.27299048669516063,0.27299048669516063,0.27299048669516063,0.0,5,0.99853515625,0.3854875283446712,True,2,0.27299048669516063,0.27299048669516063,0.27299048669516063,0.27299048669516063,0.0,0.27299048669516063,0.27299048669516063,ISPY1_1073,0.5
0.0,0.254964109257015,0.254964109257015,0.254964109257015,0.0,7,0.99853515625,0.3735097758702909,True,2,0.254964109257015,0.254964109257015,0.254964109257015,0.254964109257015,0.0,0.254964109257015,0.254964109257015,ISPY1_1073,0.8
0.21556256572029442,0.21556256572029442,0.21556256572029442,0.21556256572029442,0.21556256572029442,12,0.99951171875,0.408224496999647,False,1,0.21556256572029442,0.21556256572029442,0.21556256572029442,0.21556256572029442,0.21556256572029442,0.21556256572029442,0.21556256572029442,ISPY1_1073,0.95
0.1477690549537911,0.1477690549537911,0.1477690549537911,0.1477690549537911,0.1477690549537911,8,0.99951171875,0.4317017643710871,False,1,0.1477690549537911,0.1477690549537911,0.1477690549537911,0.1477690549537911,0.1477690549537911,0.1477690549537911,0.1477690549537911,ISPY1_1073,0.98
0.11717723182691335,0.11717723182691335,0.11717723182691335,0.11717723182691335,0.11717723182691335,9,0.99951171875,0.5572446555819477,False,1,0.11717723182691335,0.11717723182691335,0.11717723182691335,0.11717723182691335,0.11717723182691335,0.11717723182691335,0.11717723182691335,ISPY1_1073,0.99
0.77578125,0.77578125,0.0,0.77578125,0.77578125,11,0.9990234375,0.2513430544896393,True,1,0.0,0.77578125,0.0,0.0,0.0,0.0,0.0,ISPY1_1077,0.5
0.8038397328881469,0.8038397328881469,0.0,0.8038397328881469,0.8038397328881469,11,0.9990234375,0.2535959283027218,True,1,0.0,0.8038397328881469,0.0,0.0,0.0,0.0,0.0,ISPY1_1077,0.8
0.7965141612200436,0.7965141612200436,0.0,0.7965141612200436,0.7965141612200436,13,0.9990234375,0.3022852183974544,True,1,0.0,0.7965141612200436,0.0,0.0,0.7965141612200436,0.0,0.0,ISPY1_1077,0.95
0.7807971014492754,0.7807971014492754,0.0,0.0,0.7807971014492754,13,0.9990234375,0.37701692247146795,True,1,0.0,0.7807971014492754,0.0,0.0,0.7807971014492754,0.0,0.0,ISPY1_1077,0.98
0.7383581373019683,0.7383581373019683,0.0,0.0,0.7383581373019683,10,0.9990234375,0.43272727272727274,True,1,0.0,0.7383581373019683,0.0,0.0,0.7383581373019683,0.0,0.0,ISPY1_1077,0.99
0.7965661520704083,0.7965661520704083,0.0,0.0,0.7965661520704083,18,1.0,0.5299944964226747,True,1,0.0,0.7965661520704083,0.7965661520704083,0.7965661520704083,0.7965661520704083,0.7965661520704083,0.0,ISPY1_1106,0.5
0.7565132517456266,0.7565132517456266,0.0,0.0,0.7565132517456266,13,1.0,0.5595938001068947,True,1,0.0,0.7565132517456266,0.7565132517456266,0.7565132517456266,0.7565132517456266,0.7565132517456266,0.0,ISPY1_1106,0.8
0.6630868114880807,0.6630868114880807,0.0,0.0,0.6630868114880807,12,1.0,0.5901248421938561,True,1,0.0,0.6630868114880807,0.6630868114880807,0.6630868114880807,0.6630868114880807,0.6630868114880807,0.0,ISPY1_1106,0.95
0.5119708693673191,0.5119708693673191,0.0,0.0,0.5119708693673191,10,1.0,0.5878419452887538,True,1,0.0,0.5119708693673191,0.5119708693673191,0.5119708693673191,0.5119708693673191,0.5119708693673191,0.0,ISPY1_1106,0.98
0.23048488801913458,0.23048488801913458,0.0,0.0,0.23048488801913458,8,1.0,0.35219728106228265,True,1,0.0,0.23048488801913458,0.23048488801913458,0.23048488801913458,0.23048488801913458,0.0,0.0,ISPY1_1106,0.99
0.9080539499036608,0.9080539499036608,0.9080539499036608,0.9080539499036608,0.9080539499036608,12,1.0,0.3799374151266458,False,1,0.9080539499036608,0.9080539499036608,0.9080539499036608,0.9080539499036608,0.9080539499036608,0.9080539499036608,0.9080539499036608,ISPY1_1182,0.5
0.906791569086651,0.906791569086651,0.906791569086651,0.906791569086651,0.906791569086651,10,1.0,0.43571924947880475,False,1,0.906791569086651,0.906791569086651,0.906791569086651,0.906791569086651,0.906791569086651,0.906791569086651,0.906791569086651,ISPY1_1182,0.8
0.9036354976980473,0.9036354976980473,0.9036354976980473,0.9036354976980473,0.9036354976980473,10,1.0,0.5306122448979592,False,1,0.9036354976980473,0.9036354976980473,0.9036354976980473,0.9036354976980473,0.9036354976980473,0.9036354976980473,0.9036354976980473,ISPY1_1182,0.95
0.8972597203136368,0.8972597203136368,0.8972597203136368,0.8972597203136368,0.8972597203136368,10,1.0,0.6347012082290193,False,1,0.8972597203136368,0.8972597203136368,0.8972597203136368,0.8972597203136368,0.8972597203136368,0.8972597203136368,0.8972597203136368,ISPY1_1182,0.98
0.8845899470899471,0.8845899470899471,0.8845899470899471,0.8845899470899471,0.8845899470899471,11,1.0,0.7546862265688672,False,1,0.8845899470899471,0.8845899470899471,0.8845899470899471,0.8845899470899471,0.8845899470899471,0.8845899470899471,0.8845899470899471,ISPY1_1182,0.99
0.8962001853568119,0.8962001853568119,0.8962001853568119,0.8962001853568119,0.8962001853568119,1,1.0,1.0,False,1,0.8962001853568119,0.8962001853568119,0.8962001853568119,0.8962001853568119,0.8962001853568119,0.8962001853568119,0.8962001853568119,ISPY2_103693,0.5
0.9068557919621749,0.9068557919621749,0.9068557919621749,0.9068557919621749,0.9068557919621749,1,1.0,1.0,False,1,0.9068557919621749,0.9068557919621749,0.9068557919621749,0.9068557919621749,0.9068557919621749,0.9068557919621749,0.9068557919621749,ISPY2_103693,0.8
0.9135683244809271,0.9135683244809271,0.9135683244809271,0.9135683244809271,0.9135683244809271,1,1.0,1.0,False,1,0.9135683244809271,0.9135683244809271,0.9135683244809271,0.9135683244809271,0.9135683244809271,0.9135683244809271,0.9135683244809271,ISPY2_103693,0.95
0.9208066896212493,0.9208066896212493,0.9208066896212493,0.9208066896212493,0.9208066896212493,1,1.0,1.0,False,1,0.9208066896212493,0.9208066896212493,0.9208066896212493,0.9208066896212493,0.9208066896212493,0.9208066896212493,0.9208066896212493,ISPY2_103693,0.98
0.9225387306346826,0.9225387306346826,0.9225387306346826,0.9225387306346826,0.9225387306346826,1,1.0,1.0,False,1,0.9225387306346826,0.9225387306346826,0.9225387306346826,0.9225387306346826,0.9225387306346826,0.9225387306346826,0.9225387306346826,ISPY2_103693,0.99
0.9149072296865003,0.9149072296865003,0.9149072296865003,0.9149072296865003,0.9149072296865003,1,1.0,1.0,False,1,0.9149072296865003,0.9149072296865003,0.9149072296865003,0.9149072296865003,0.9149072296865003,0.9149072296865003,0.9149072296865003,ISPY2_107700,0.5
0.9197368421052632,0.9197368421052632,0.9197368421052632,0.9197368421052632,0.9197368421052632,1,1.0,1.0,False,1,0.9197368421052632,0.9197368421052632,0.9197368421052632,0.9197368421052632,0.9197368421052632,0.9197368421052632,0.9197368421052632,ISPY2_107700,0.8
0.9097127222982216,0.9097127222982216,0.9097127222982216,0.9097127222982216,0.9097127222982216,1,1.0,1.0,False,1,0.9097127222982216,0.9097127222982216,0.9097127222982216,0.9097127222982216,0.9097127222982216,0.9097127222982216,0.9097127222982216,ISPY2_107700,0.95
0.8969866853538893,0.8969866853538893,0.8969866853538893,0.8969866853538893,0.8969866853538893,1,1.0,1.0,False,1,0.8969866853538893,0.8969866853538893,0.8969866853538893,0.8969866853538893,0.8969866853538893,0.8969866853538893,0.8969866853538893,ISPY2_107700,0.98
0.8876163206871869,0.8876163206871869,0.8876163206871869,0.8876163206871869,0.8876163206871869,1,1.0,1.0,False,1,0.8876163206871869,0.8876163206871869,0.8876163206871869,0.8876163206871869,0.8876163206871869,0.8876163206871869,0.8876163206871869,ISPY2_107700,0.99
0.7198284265938779,0.7198284265938779,0.7198284265938779,0.7198284265938779,0.7198284265938779,14,1.0,0.3854775247406701,False,1,0.7198284265938779,0.7198284265938779,0.7198284265938779,0.7198284265938779,0.7198284265938779,0.7198284265938779,0.7198284265938779,ISPY2_119928,0.5
0.7547638773819387,0.7547638773819387,0.7547638773819387,0.7547638773819387,0.7547638773819387,11,1.0,0.46502775574940525,False,1,0.7547638773819387,0.7547638773819387,0.7547638773819387,0.7547638773819387,0.7547638773819387,0.7547638773819387,0.7547638773819387,ISPY2_119928,0.8
0.7811253876827647,0.7811253876827647,0.7811253876827647,0.7811253876827647,0.7811253876827647,11,1.0,0.6862385321100918,False,1,0.7811253876827647,0.7811253876827647,0.7811253876827647,0.7811253876827647,0.7811253876827647,0.7811253876827647,0.7811253876827647,ISPY2_119928,0.95
0.7986783101250885,0.7986783101250885,0.7986783101250885,0.7986783101250885,0.7986783101250885,5,1.0,0.8702602230483272,False,1,0.7986783101250885,0.7986783101250885,0.7986783101250885,0.7986783101250885,0.7986783101250885,0.7986783101250885,0.7986783101250885,ISPY2_119928,0.98
0.8794364670820916,0.8794364670820916,0.8794364670820916,0.8794364670820916,0.8794364670820916,4,1.0,0.8368298368298368,False,1,0.8794364670820916,0.8794364670820916,0.8794364670820916,0.8794364670820916,0.8794364670820916,0.8794364670820916,0.8794364670820916,ISPY2_119928,0.99
0.9012658227848102,0.9012658227848102,0.9012658227848102,0.9012658227848102,0.9012658227848102,3,1.0,0.8660235798499464,False,1,0.9012658227848102,0.9012658227848102,0.9012658227848102,0.9012658227848102,0.9012658227848102,0.9012658227848102,0.9012658227848102,ISPY2_125130,0.5
0.8981723237597912,0.8981723237597912,0.8981723237597912,0.8981723237597912,0.8981723237597912,3,1.0,0.9476309226932669,False,1,0.8981723237597912,0.8981723237597912,0.8981723237597912,0.8981723237597912,0.8981723237597912,0.8981723237597912,0.8981723237597912,ISPY2_125130,0.8
0.8869565217391304,0.8869565217391304,0.8869565217391304,0.8869565217391304,0.8869565217391304,1,1.0,1.0,False,1,0.8869565217391304,0.8869565217391304,0.8869565217391304,0.8869565217391304,0.8869565217391304,0.8869565217391304,0.8869565217391304,ISPY2_125130,0.95
0.8800548320767649,0.8800548320767649,0.8800548320767649,0.8800548320767649,0.8800548320767649,1,1.0,1.0,False,1,0.8800548320767649,0.8800548320767649,0.8800548320767649,0.8800548320767649,0.8800548320767649,0.8800548320767649,0.8800548320767649,ISPY2_125130,0.98
0.871578947368421,0.871578947368421,0.871578947368421,0.871578947368421,0.871578947368421,1,1.0,1.0,False,1,0.871578947368421,0.871578947368421,0.871578947368421,0.871578947368421,0.871578947368421,0.871578947368421,0.871578947368421,ISPY2_125130,0.99
0.9018503620273531,0.9018503620273531,0.9018503620273531,0.9018503620273531,0.9018503620273531,2,1.0,0.9875824602250679,False,1,0.9018503620273531,0.9018503620273531,0.9018503620273531,0.9018503620273531,0.9018503620273531,0.9018503620273531,0.9018503620273531,ISPY2_127791,0.5
0.9020095297286099,0.9020095297286099,0.9020095297286099,0.9020095297286099,0.9020095297286099,1,1.0,1.0,False,1,0.9020095297286099,0.9020095297286099,0.9020095297286099,0.9020095297286099,0.9020095297286099,0.9020095297286099,0.9020095297286099,ISPY2_127791,0.8
0.8742882172579939,0.8742882172579939,0.8742882172579939,0.8742882172579939,0.8742882172579939,2,1.0,0.9656884875846501,False,1,0.8742882172579939,0.8742882172579939,0.8742882172579939,0.8742882172579939,0.8742882172579939,0.8742882172579939,0.8742882172579939,ISPY2_127791,0.95
0.8538461538461538,0.8538461538461538,0.8538461538461538,0.8538461538461538,0.8538461538461538,2,1.0,0.9721951219512195,False,1,0.8538461538461538,0.8538461538461538,0.8538461538461538,0.8538461538461538,0.8538461538461538,0.8538461538461538,0.8538461538461538,ISPY2_127791,0.98
0.8097050428163654,0.8097050428163654,0.8097050428163654,0.8097050428163654,0.8097050428163654,2,1.0,0.9916294642857143,False,1,0.8097050428163654,0.8097050428163654,0.8097050428163654,0.8097050428163654,0.8097050428163654,0.8097050428163654,0.8097050428163654,ISPY2_127791,0.99
0.5127118644067796,0.5127118644067796,0.5127118644067796,0.5127118644067796,0.5127118644067796,2,0.9990234375,0.9962814645308925,False,1,0.5127118644067796,0.5127118644067796,0.5127118644067796,0.5127118644067796,0.5127118644067796,0.5127118644067796,0.5127118644067796,ISPY2_128051,0.5
0.5647785298658117,0.5647785298658117,0.5647785298658117,0.5647785298658117,0.5647785298658117,1,0.9990234375,1.0,False,1,0.5647785298658117,0.5647785298658117,0.5647785298658117,0.5647785298658117,0.5647785298658117,0.5647785298658117,0.5647785298658117,ISPY2_128051,0.8
0.6293365794278758,0.6293365794278758,0.6293365794278758,0.6293365794278758,0.6293365794278758,1,0.9990234375,1.0,False,1,0.6293365794278758,0.6293365794278758,0.6293365794278758,0.6293365794278758,0.6293365794278758,0.6293365794278758,0.6293365794278758,ISPY2_128051,0.95
0.5300799326882625,0.5300799326882625,0.5300799326882625,0.5300799326882625,0.5300799326882625,1,0.9990234375,1.0,False,1,0.5300799326882625,0.5300799326882625,0.5300799326882625,0.5300799326882625,0.5300799326882625,0.5300799326882625,0.5300799326882625,ISPY2_128051,0.98
0.3798319327731092,0.3798319327731092,0.3798319327731092,0.3798319327731092,0.3798319327731092,1,0.9990234375,1.0,False,1,0.3798319327731092,0.3798319327731092,0.3798319327731092,0.3798319327731092,0.3798319327731092,0.3798319327731092,0.3798319327731092,ISPY2_128051,0.99
0.9143385753931544,0.9143385753931544,0.9143385753931544,0.9143385753931544,0.9143385753931544,2,1.0,0.9979500559075661,False,1,0.9143385753931544,0.9143385753931544,0.9143385753931544,0.9143385753931544,0.9143385753931544,0.9143385753931544,0.9143385753931544,ISPY2_130892,0.5
0.9131499623210249,0.9131499623210249,0.9131499623210249,0.9131499623210249,0.9131499623210249,1,1.0,1.0,False,1,0.9131499623210249,0.9131499623210249,0.9131499623210249,0.9131499623210249,0.9131499623210249,0.9131499623210249,0.9131499623210249,ISPY2_130892,0.8
0.9060965039006068,0.9060965039006068,0.9060965039006068,0.9060965039006068,0.9060965039006068,1,1.0,1.0,False,1,0.9060965039006068,0.9060965039006068,0.9060965039006068,0.9060965039006068,0.9060965039006068,0.9060965039006068,0.9060965039006068,ISPY2_130892,0.95
0.8952905319044342,0.8952905319044342,0.8952905319044342,0.8952905319044342,0.8952905319044342,1,1.0,1.0,False,1,0.8952905319044342,0.8952905319044342,0.8952905319044342,0.8952905319044342,0.8952905319044342,0.8952905319044342,0.8952905319044342,ISPY2_130892,0.98
0.8869739478957915,0.8869739478957915,0.8869739478957915,0.8869739478957915,0.8869739478957915,1,1.0,1.0,False,1,0.8869739478957915,0.8869739478957915,0.8869739478957915,0.8869739478957915,0.8869739478957915,0.8869739478957915,0.8869739478957915,ISPY2_130892,0.99
0.047710892295198454,0.047710892295198454,0.047710892295198454,0.047710892295198454,0.047710892295198454,4,1.0,0.9878675714579478,False,1,0.047710892295198454,0.047710892295198454,0.047710892295198454,0.047710892295198454,0.047710892295198454,0.047710892295198454,0.047710892295198454,ISPY2_134526,0.5
0.06406378883695353,0.06406378883695353,0.06406378883695353,0.06406378883695353,0.06406378883695353,3,1.0,0.9832191301915816,False,1,0.06406378883695353,0.06406378883695353,0.06406378883695353,0.06406378883695353,0.06406378883695353,0.06406378883695353,0.06406378883695353,ISPY2_134526,0.8
0.0,0.822463768115942,0.822463768115942,0.822463768115942,0.0,3,0.9912109375,0.9185016451531258,True,2,0.822463768115942,0.822463768115942,0.822463768115942,0.822463768115942,0.0,0.0,0.0,ISPY2_134526,0.95
0.0,0.8483685220729367,0.8483685220729367,0.8483685220729367,0.0,3,0.9912109375,0.689989235737352,True,2,0.8483685220729367,0.8483685220729367,0.8483685220729367,0.8483685220729367,0.0,0.0,0.8483685220729367,ISPY2_134526,0.98
0.8525252525252526,0.8525252525252526,0.8525252525252526,0.8525252525252526,0.8525252525252526,1,1.0,1.0,False,1,0.8525252525252526,0.8525252525252526,0.8525252525252526,0.8525252525252526,0.8525252525252526,0.8525252525252526,0.8525252525252526,ISPY2_134526,0.99
0.0,0.9266457680250784,0.0,0.9266457680250784,0.0,11,1.0,0.5910680228862047,False,2,0.0,0.0,0.0,0.0,0.0,0.0,0.0,ISPY2_151481,0.5
0.0,0.9300411522633745,0.0,0.9300411522633745,0.0,6,1.0,0.6394570472294533,False,2,0.0,0.0,0.0,0.0,0.0,0.0,0.0,ISPY2_151481,0.8
0.0,0.9282511210762332,0.0,0.9282511210762332,0.0,5,1.0,0.642128121606949,False,2,0.0,0.0,0.0,0.0,0.0,0.0,0.0,ISPY2_151481,0.95
0.0,0.9277885235332044,0.0,0.9277885235332044,0.0,3,1.0,0.6065996390822377,False,2,0.0,0.0,0.0,0.0,0.0,0.0,0.0,ISPY2_151481,0.98
0.0,0.9251302083333334,0.0,0.9251302083333334,0.0,5,1.0,0.4944912508101102,False,2,0.0,0.0,0.0,0.0,0.0,0.0,0.0,ISPY2_151481,0.99
0.7822525597269625,0.7822525597269625,0.7822525597269625,0.7822525597269625,0.7822525597269625,1,1.0,1.0,False,1,0.7822525597269625,0.7822525597269625,0.7822525597269625,0.7822525597269625,0.7822525597269625,0.7822525597269625,0.7822525597269625,ISPY2_167271,0.5
0.7784765897973445,0.7784765897973445,0.7784765897973445,0.7784765897973445,0.7784765897973445,1,1.0,1.0,False,1,0.7784765897973445,0.7784765897973445,0.7784765897973445,0.7784765897973445,0.7784765897973445,0.7784765897973445,0.7784765897973445,ISPY2_167271,0.8
0.7725631768953068,0.7725631768953068,0.7725631768953068,0.7725631768953068,0.7725631768953068,1,1.0,1.0,False,1,0.7725631768953068,0.7725631768953068,0.7725631768953068,0.7725631768953068,0.7725631768953068,0.7725631768953068,0.7725631768953068,ISPY2_167271,0.95
0.7706959706959707,0.7706959706959707,0.7706959706959707,0.7706959706959707,0.7706959706959707,1,1.0,1.0,False,1,0.7706959706959707,0.7706959706959707,0.7706959706959707,0.7706959706959707,0.7706959706959707,0.7706959706959707,0.7706959706959707,ISPY2_167271,0.98
0.7663690476190477,0.7663690476190477,0.7663690476190477,0.7663690476190477,0.7663690476190477,1,1.0,1.0,False,1,0.7663690476190477,0.7663690476190477,0.7663690476190477,0.7663690476190477,0.7663690476190477,0.7663690476190477,0.7663690476190477,ISPY2_167271,0.99
0.6191384413022032,0.6191384413022032,0.6191384413022032,0.6191384413022032,0.6191384413022032,4,1.0,0.9034801216353193,False,1,0.6191384413022032,0.6191384413022032,0.6191384413022032,0.6191384413022032,0.6191384413022032,0.6191384413022032,0.6191384413022032,ISPY2_168044,0.5
0.5840631106607802,0.5840631106607802,0.5840631106607802,0.5840631106607802,0.5840631106607802,4,1.0,0.8903502885518723,False,1,0.5840631106607802,0.5840631106607802,0.5840631106607802,0.5840631106607802,0.5840631106607802,0.5840631106607802,0.5840631106607802,ISPY2_168044,0.8
0.5459234608985025,0.5459234608985025,0.5459234608985025,0.5459234608985025,0.5459234608985025,5,1.0,0.9078453453453453,False,1,0.5459234608985025,0.5459234608985025,0.5459234608985025,0.5459234608985025,0.5459234608985025,0.5459234608985025,0.5459234608985025,ISPY2_168044,0.95
0.45391061452513964,0.45391061452513964,0.45391061452513964,0.45391061452513964,0.45391061452513964,5,1.0,0.9345394736842105,False,1,0.45391061452513964,0.45391061452513964,0.45391061452513964,0.45391061452513964,0.45391061452513964,0.45391061452513964,0.45391061452513964,ISPY2_168044,0.98
0.26079593564775616,0.26079593564775616,0.26079593564775616,0.26079593564775616,0.26079593564775616,6,1.0,0.7612359550561798,False,1,0.26079593564775616,0.26079593564775616,0.26079593564775616,0.26079593564775616,0.26079593564775616,0.26079593564775616,0.26079593564775616,ISPY2_168044,0.99
0.9466235792288834,0.9466235792288834,0.9466235792288834,0.9466235792288834,0.9466235792288834,1,1.0,1.0,False,1,0.9466235792288834,0.9466235792288834,0.9466235792288834,0.9466235792288834,0.9466235792288834,0.9466235792288834,0.9466235792288834,ISPY2_181442,0.5
0.9503889953771564,0.9503889953771564,0.9503889953771564,0.9503889953771564,0.9503889953771564,1,1.0,1.0,False,1,0.9503889953771564,0.9503889953771564,0.9503889953771564,0.9503889953771564,0.9503889953771564,0.9503889953771564,0.9503889953771564,ISPY2_181442,0.8
0.9525065963060686,0.9525065963060686,0.9525065963060686,0.9525065963060686,0.9525065963060686,1,1.0,1.0,False,1,0.9525065963060686,0.9525065963060686,0.9525065963060686,0.9525065963060686,0.9525065963060686,0.9525065963060686,0.9525065963060686,ISPY2_181442,0.95
0.9482940555750967,0.9482940555750967,0.9482940555750967,0.9482940555750967,0.9482940555750967,1,1.0,1.0,False,1,0.9482940555750967,0.9482940555750967,0.9482940555750967,0.9482940555750967,0.9482940555750967,0.9482940555750967,0.9482940555750967,ISPY2_181442,0.98
0.8880507888616507,0.8880507888616507,0.8880507888616507,0.8880507888616507,0.8880507888616507,1,1.0,1.0,False,1,0.8880507888616507,0.8880507888616507,0.8880507888616507,0.8880507888616507,0.8880507888616507,0.8880507888616507,0.8880507888616507,ISPY2_181442,0.99
0.7697160883280757,0.7697160883280757,0.7697160883280757,0.7697160883280757,0.7697160883280757,5,0.99951171875,0.6929611650485437,False,1,0.7697160883280757,0.7697160883280757,0.7697160883280757,0.7697160883280757,0.7697160883280757,0.7697160883280757,0.7697160883280757,ISPY2_200222,0.5
0.7512355848434926,0.7512355848434926,0.7512355848434926,0.7512355848434926,0.7512355848434926,3,0.99951171875,0.7569546120058566,False,1,0.7512355848434926,0.7512355848434926,0.7512355848434926,0.7512355848434926,0.7512355848434926,0.7512355848434926,0.7512355848434926,ISPY2_200222,0.8
0.7232375979112271,0.7232375979112271,0.7232375979112271,0.7232375979112271,0.7232375979112271,3,0.99951171875,0.8354898336414048,False,1,0.7232375979112271,0.7232375979112271,0.7232375979112271,0.7232375979112271,0.7232375979112271,0.7232375979112271,0.7232375979112271,ISPY2_200222,0.95
0.6834862385321101,0.6834862385321101,0.6834862385321101,0.6834862385321101,0.6834862385321101,3,0.99951171875,0.9481302774427021,False,1,0.6834862385321101,0.6834862385321101,0.6834862385321101,0.6834862385321101,0.6834862385321101,0.6834862385321101,0.6834862385321101,ISPY2_200222,0.98
0.630665380906461,0.630665380906461,0.630665380906461,0.630665380906461,0.630665380906461,1,0.99951171875,1.0,False,1,0.630665380906461,0.630665380906461,0.630665380906461,0.630665380906461,0.630665380906461,0.630665380906461,0.630665380906461,ISPY2_200222,0.99
0.932670516850647,0.932670516850647,0.932670516850647,0.932670516850647,0.932670516850647,2,1.0,0.9989988558352403,False,1,0.932670516850647,0.932670516850647,0.932670516850647,0.932670516850647,0.932670516850647,0.932670516850647,0.932670516850647,ISPY2_202539,0.5
0.9363714211251349,0.9363714211251349,0.9363714211251349,0.9363714211251349,0.9363714211251349,1,1.0,1.0,False,1,0.9363714211251349,0.9363714211251349,0.9363714211251349,0.9363714211251349,0.9363714211251349,0.9363714211251349,0.9363714211251349,ISPY2_202539,0.8
0.9333333333333333,0.9333333333333333,0.9333333333333333,0.9333333333333333,0.9333333333333333,1,1.0,1.0,False,1,0.9333333333333333,0.9333333333333333,0.9333333333333333,0.9333333333333333,0.9333333333333333,0.9333333333333333,0.9333333333333333,ISPY2_202539,0.95
0.9100023872045835,0.9100023872045835,0.9100023872045835,0.9100023872045835,0.9100023872045835,2,1.0,0.9986396871280394,False,1,0.9100023872045835,0.9100023872045835,0.9100023872045835,0.9100023872045835,0.9100023872045835,0.9100023872045835,0.9100023872045835,ISPY2_202539,0.98
0.8493313521545319,0.8493313521545319,0.8493313521545319,0.8493313521545319,0.8493313521545319,2,1.0,0.9864169981565926,False,1,0.8493313521545319,0.8493313521545319,0.8493313521545319,0.8493313521545319,0.8493313521545319,0.8493313521545319,0.8493313521545319,ISPY2_202539,0.99
0.8560284501548698,0.8560284501548698,0.8560284501548698,0.8560284501548698,0.8560284501548698,1,1.0,1.0,False,1,0.8560284501548698,0.8560284501548698,0.8560284501548698,0.8560284501548698,0.8560284501548698,0.8560284501548698,0.8560284501548698,ISPY2_209397,0.5
0.8743839403774493,0.8743839403774493,0.8743839403774493,0.8743839403774493,0.8743839403774493,1,1.0,1.0,False,1,0.8743839403774493,0.8743839403774493,0.8743839403774493,0.8743839403774493,0.8743839403774493,0.8743839403774493,0.8743839403774493,ISPY2_209397,0.8
0.8795905310300703,0.8795905310300703,0.8795905310300703,0.8795905310300703,0.8795905310300703,1,1.0,1.0,False,1,0.8795905310300703,0.8795905310300703,0.8795905310300703,0.8795905310300703,0.8795905310300703,0.8795905310300703,0.8795905310300703,ISPY2_209397,0.95
0.8659877800407332,0.8659877800407332,0.8659877800407332,0.8659877800407332,0.8659877800407332,1,1.0,1.0,False,1,0.8659877800407332,0.8659877800407332,0.8659877800407332,0.8659877800407332,0.8659877800407332,0.8659877800407332,0.8659877800407332,ISPY2_209397,0.98
0.8132609652339738,0.8132609652339738,0.8132609652339738,0.8132609652339738,0.8132609652339738,1,1.0,1.0,False,1,0.8132609652339738,0.8132609652339738,0.8132609652339738,0.8132609652339738,0.8132609652339738,0.8132609652339738,0.8132609652339738,ISPY2_209397,0.99
0.2648485643110004,0.2648485643110004,0.2648485643110004,0.0,0.2648485643110004,9,1.0,0.8664657318831084,False,1,0.2648485643110004,0.2648485643110004,0.2648485643110004,0.2648485643110004,0.2648485643110004,0.2648485643110004,0.2648485643110004,ISPY2_215932,0.5
0.29638909358879884,0.29638909358879884,0.29638909358879884,0.0,0.29638909358879884,8,1.0,0.8914638856701429,False,1,0.29638909358879884,0.29638909358879884,0.29638909358879884,0.29638909358879884,0.29638909358879884,0.29638909358879884,0.29638909358879884,ISPY2_215932,0.8
0.34662974820455134,0.34662974820455134,0.34662974820455134,0.0,0.34662974820455134,4,1.0,0.9127227438206553,False,1,0.34662974820455134,0.34662974820455134,0.34662974820455134,0.34662974820455134,0.34662974820455134,0.34662974820455134,0.34662974820455134,ISPY2_215932,0.95
0.426525998492841,0.426525998492841,0.426525998492841,0.0,0.426525998492841,5,1.0,0.9017391304347826,False,1,0.426525998492841,0.426525998492841,0.426525998492841,0.426525998492841,0.426525998492841,0.426525998492841,0.426525998492841,ISPY2_215932,0.98
0.5151435343692389,0.5151435343692389,0.5151435343692389,0.0,0.5151435343692389,5,1.0,0.8659922178988327,False,1,0.5151435343692389,0.5151435343692389,0.5151435343692389,0.5151435343692389,0.5151435343692389,0.5151435343692389,0.5151435343692389,ISPY2_215932,0.99
0.9501232694860611,0.9501232694860611,0.9501232694860611,0.9501232694860611,0.9501232694860611,2,1.0,0.9904200442151806,False,1,0.9501232694860611,0.9501232694860611,0.9501232694860611,0.9501232694860611,0.9501232694860611,0.9501232694860611,0.9501232694860611,ISPY2_227055,0.5
0.9543186180422265,0.9543186180422265,0.9543186180422265,0.9543186180422265,0.9543186180422265,2,1.0,0.9909399773499433,False,1,0.9543186180422265,0.9543186180422265,0.9543186180422265,0.9543186180422265,0.9543186180422265,0.9543186180422265,0.9543186180422265,ISPY2_227055,0.8
0.9537504858142246,0.9537504858142246,0.9537504858142246,0.9537504858142246,0.9537504858142246,2,1.0,0.9934057408844065,False,1,0.9537504858142246,0.9537504858142246,0.9537504858142246,0.9537504858142246,0.9537504858142246,0.9537504858142246,0.9537504858142246,ISPY2_227055,0.95
0.9532967032967034,0.9532967032967034,0.9532967032967034,0.9532967032967034,0.9532967032967034,2,1.0,0.996033320111067,False,1,0.9532967032967034,0.9532967032967034,0.9532967032967034,0.9532967032967034,0.9532967032967034,0.9532967032967034,0.9532967032967034,ISPY2_227055,0.98
0.9527947857001777,0.9527947857001777,0.9527947857001777,0.9527947857001777,0.9527947857001777,1,1.0,1.0,False,1,0.9527947857001777,0.9527947857001777,0.9527947857001777,0.9527947857001777,0.9527947857001777,0.9527947857001777,0.9527947857001777,ISPY2_227055,0.99
0.862095335202651,0.862095335202651,0.862095335202651,0.862095335202651,0.862095335202651,1,1.0,1.0,False,1,0.862095335202651,0.862095335202651,0.862095335202651,0.862095335202651,0.862095335202651,0.862095335202651,0.862095335202651,ISPY2_247641,0.5
0.8540428829759752,0.8540428829759752,0.8540428829759752,0.8540428829759752,0.8540428829759752,1,1.0,1.0,False,1,0.8540428829759752,0.8540428829759752,0.8540428829759752,0.8540428829759752,0.8540428829759752,0.8540428829759752,0.8540428829759752,ISPY2_247641,0.8
0.8442000523697303,0.8442000523697303,0.8442000523697303,0.8442000523697303,0.8442000523697303,1,1.0,1.0,False,1,0.8442000523697303,0.8442000523697303,0.8442000523697303,0.8442000523697303,0.8442000523697303,0.8442000523697303,0.8442000523697303,ISPY2_247641,0.95
0.83342175066313,0.83342175066313,0.83342175066313,0.83342175066313,0.83342175066313,1,1.0,1.0,False,1,0.83342175066313,0.83342175066313,0.83342175066313,0.83342175066313,0.83342175066313,0.83342175066313,0.83342175066313,ISPY2_247641,0.98
0.8242229367631297,0.8242229367631297,0.8242229367631297,0.8242229367631297,0.8242229367631297,1,1.0,1.0,False,1,0.8242229367631297,0.8242229367631297,0.8242229367631297,0.8242229367631297,0.8242229367631297,0.8242229367631297,0.8242229367631297,ISPY2_247641,0.99
0.9018181818181819,0.9018181818181819,0.9018181818181819,0.9018181818181819,0.9018181818181819,2,1.0,0.8534303534303534,False,1,0.9018181818181819,0.9018181818181819,0.9018181818181819,0.9018181818181819,0.9018181818181819,0.9018181818181819,0.9018181818181819,ISPY2_269899,0.5
0.8983364140480592,0.8983364140480592,0.8983364140480592,0.8983364140480592,0.8983364140480592,2,1.0,0.8773480662983425,False,1,0.8983364140480592,0.8983364140480592,0.8983364140480592,0.8983364140480592,0.8983364140480592,0.8983364140480592,0.8983364140480592,ISPY2_269899,0.8
0.8877679697351829,0.8877679697351829,0.8877679697351829,0.8877679697351829,0.8877679697351829,2,1.0,0.9299754299754299,False,1,0.8877679697351829,0.8877679697351829,0.8877679697351829,0.8877679697351829,0.8877679697351829,0.8877679697351829,0.8877679697351829,ISPY2_269899,0.95
0.8829174664107485,0.8829174664107485,0.8829174664107485,0.8829174664107485,0.8829174664107485,2,1.0,0.9786666666666667,False,1,0.8829174664107485,0.8829174664107485,0.8829174664107485,0.8829174664107485,0.8829174664107485,0.8829174664107485,0.8829174664107485,ISPY2_269899,0.98
0.8755700325732899,0.8755700325732899,0.8755700325732899,0.8755700325732899,0.8755700325732899,1,1.0,1.0,False,1,0.8755700325732899,0.8755700325732899,0.8755700325732899,0.8755700325732899,0.8755700325732899,0.8755700325732899,0.8755700325732899,ISPY2_269899,0.99
0.8861671469740634,0.8861671469740634,0.8861671469740634,0.8861671469740634,0.8861671469740634,2,1.0,0.6260504201680672,False,1,0.8861671469740634,0.8861671469740634,0.8861671469740634,0.8861671469740634,0.8861671469740634,0.8861671469740634,0.8861671469740634,ISPY2_279902,0.5
0.8914956011730205,0.8914956011730205,0.8914956011730205,0.8914956011730205,0.8914956011730205,2,1.0,0.665129151291513,False,1,0.8914956011730205,0.8914956011730205,0.8914956011730205,0.8914956011730205,0.8914956011730205,0.8914956011730205,0.8914956011730205,ISPY2_279902,0.8
0.8933631618195377,0.8933631618195377,0.8933631618195377,0.8933631618195377,0.8933631618195377,2,1.0,0.7122448979591837,False,1,0.8933631618195377,0.8933631618195377,0.8933631618195377,0.8933631618195377,0.8933631618195377,0.8933631618195377,0.8933631618195377,ISPY2_279902,0.95
0.8915845337376801,0.8915845337376801,0.8915845337376801,0.8915845337376801,0.8915845337376801,2,1.0,0.786046511627907,False,1,0.8915845337376801,0.8915845337376801,0.8915845337376801,0.8915845337376801,0.8915845337376801,0.8915845337376801,0.8915845337376801,ISPY2_279902,0.98
0.8938120702826585,0.8938120702826585,0.8938120702826585,0.8938120702826585,0.8938120702826585,2,1.0,0.891566265060241,False,1,0.8938120702826585,0.8938120702826585,0.8938120702826585,0.8938120702826585,0.8938120702826585,0.8938120702826585,0.8938120702826585,ISPY2_279902,0.99
0.6814865094179535,0.6814865094179535,0.6814865094179535,0.0,0.6814865094179535,13,1.0,0.8209783556647903,False,1,0.6814865094179535,0.6814865094179535,0.6814865094179535,0.6814865094179535,0.6814865094179535,0.6814865094179535,0.6814865094179535,ISPY2_309830,0.5
0.6881267797449548,0.6881267797449548,0.6881267797449548,0.0,0.6881267797449548,13,1.0,0.8316850334369408,False,1,0.6881267797449548,0.6881267797449548,0.6881267797449548,0.6881267797449548,0.6881267797449548,0.6881267797449548,0.6881267797449548,ISPY2_309830,0.8
0.6731632080762759,0.6731632080762759,0.6731632080762759,0.0,0.6731632080762759,13,1.0,0.8637212196639701,False,1,0.6731632080762759,0.6731632080762759,0.6731632080762759,0.6731632080762759,0.6731632080762759,0.6731632080762759,0.6731632080762759,ISPY2_309830,0.95
0.6161365142478462,0.6161365142478462,0.6161365142478462,0.0,0.6161365142478462,6,1.0,0.8795850314931456,False,1,0.6161365142478462,0.6161365142478462,0.6161365142478462,0.6161365142478462,0.6161365142478462,0.6161365142478462,0.6161365142478462,ISPY2_309830,0.98
0.49279423538831063,0.49279423538831063,0.49279423538831063,0.0,0.49279423538831063,7,1.0,0.7945205479452054,False,1,0.49279423538831063,0.49279423538831063,0.49279423538831063,0.49279423538831063,0.49279423538831063,0.49279423538831063,0.49279423538831063,ISPY2_309830,0.99
0.7898819561551433,0.7898819561551433,0.7898819561551433,0.7898819561551433,0.7898819561551433,3,1.0,0.9706569722150091,False,1,0.7898819561551433,0.7898819561551433,0.7898819561551433,0.7898819561551433,0.7898819561551433,0.7898819561551433,0.7898819561551433,ISPY2_316996,0.5
0.7575970079476391,0.7575970079476391,0.7575970079476391,0.7575970079476391,0.7575970079476391,3,1.0,0.9836492548111706,False,1,0.7575970079476391,0.7575970079476391,0.7575970079476391,0.7575970079476391,0.7575970079476391,0.7575970079476391,0.7575970079476391,ISPY2_316996,0.8
0.6933018516217224,0.6933018516217224,0.6933018516217224,0.6933018516217224,0.6933018516217224,1,1.0,1.0,False,1,0.6933018516217224,0.6933018516217224,0.6933018516217224,0.6933018516217224,0.6933018516217224,0.6933018516217224,0.6933018516217224,ISPY2_316996,0.95
0.5916233897619209,0.5916233897619209,0.5916233897619209,0.5916233897619209,0.5916233897619209,1,1.0,1.0,False,1,0.5916233897619209,0.5916233897619209,0.5916233897619209,0.5916233897619209,0.5916233897619209,0.5916233897619209,0.5916233897619209,ISPY2_316996,0.98
0.47995326079018474,0.47995326079018474,0.47995326079018474,0.47995326079018474,0.47995326079018474,3,1.0,0.9854184893554973,False,1,0.47995326079018474,0.47995326079018474,0.47995326079018474,0.47995326079018474,0.47995326079018474,0.47995326079018474,0.47995326079018474,ISPY2_316996,0.99
0.8806413301662708,0.8806413301662708,0.8806413301662708,0.8806413301662708,0.8806413301662708,3,1.0,0.8223052294557097,False,1,0.8806413301662708,0.8806413301662708,0.8806413301662708,0.8806413301662708,0.8806413301662708,0.8806413301662708,0.8806413301662708,ISPY2_323721,0.5
0.8749625187406297,0.8749625187406297,0.8749625187406297,0.8749625187406297,0.8749625187406297,4,1.0,0.9122807017543859,False,1,0.8749625187406297,0.8749625187406297,0.8749625187406297,0.8749625187406297,0.8749625187406297,0.8749625187406297,0.8749625187406297,ISPY2_323721,0.8
0.8612294583079733,0.8612294583079733,0.8612294583079733,0.8612294583079733,0.8612294583079733,3,1.0,0.9713715046604527,False,1,0.8612294583079733,0.8612294583079733,0.8612294583079733,0.8612294583079733,0.8612294583079733,0.8612294583079733,0.8612294583079733,ISPY2_323721,0.95
0.8485784919653894,0.8485784919653894,0.8485784919653894,0.8485784919653894,0.8485784919653894,1,1.0,1.0,False,1,0.8485784919653894,0.8485784919653894,0.8485784919653894,0.8485784919653894,0.8485784919653894,0.8485784919653894,0.8485784919653894,ISPY2_323721,0.98
0.8377028714107366,0.8377028714107366,0.8377028714107366,0.8377028714107366,0.8377028714107366,1,1.0,1.0,False,1,0.8377028714107366,0.8377028714107366,0.8377028714107366,0.8377028714107366,0.8377028714107366,0.8377028714107366,0.8377028714107366,ISPY2_323721,0.99
0.9285991162105589,0.9285991162105589,0.9285991162105589,0.9285991162105589,0.9285991162105589,7,1.0,0.9244636992523234,False,1,0.9285991162105589,0.9285991162105589,0.9285991162105589,0.9285991162105589,0.9285991162105589,0.9285991162105589,0.9285991162105589,ISPY2_331192,0.5
0.9337888784165881,0.9337888784165881,0.9337888784165881,0.9337888784165881,0.9337888784165881,5,1.0,0.9478171394972806,False,1,0.9337888784165881,0.9337888784165881,0.9337888784165881,0.9337888784165881,0.9337888784165881,0.9337888784165881,0.9337888784165881,ISPY2_331192,0.8
0.9331945723091702,0.9331945723091702,0.9331945723091702,0.9331945723091702,0.9331945723091702,5,1.0,0.9683332033382731,False,1,0.9331945723091702,0.9331945723091702,0.9331945723091702,0.9331945723091702,0.9331945723091702,0.9331945723091702,0.9331945723091702,ISPY2_331192,0.95
0.9248129522875015,0.9248129522875015,0.9248129522875015,0.9248129522875015,0.9248129522875015,4,1.0,0.976272577996716,False,1,0.9248129522875015,0.9248129522875015,0.9248129522875015,0.9248129522875015,0.9248129522875015,0.9248129522875015,0.9248129522875015,ISPY2_331192,0.98
0.9044666582310515,0.9044666582310515,0.9044666582310515,0.9044666582310515,0.9044666582310515,4,1.0,0.9822782578028566,False,1,0.9044666582310515,0.9044666582310515,0.9044666582310515,0.9044666582310515,0.9044666582310515,0.9044666582310515,0.9044666582310515,ISPY2_331192,0.99
0.7828863346104725,0.7828863346104725,0.7828863346104725,0.7828863346104725,0.7828863346104725,4,1.0,0.7186761229314421,False,1,0.7828863346104725,0.7828863346104725,0.7828863346104725,0.7828863346104725,0.7828863346104725,0.7828863346104725,0.7828863346104725,ISPY2_335536,0.5
0.7906066536203522,0.7906066536203522,0.7906066536203522,0.7906066536203522,0.7906066536203522,4,1.0,0.7392767031118587,False,1,0.7906066536203522,0.7906066536203522,0.7906066536203522,0.7906066536203522,0.7906066536203522,0.7906066536203522,0.7906066536203522,ISPY2_335536,0.8
0.7951645399597045,0.7951645399597045,0.7951645399597045,0.7951645399597045,0.7951645399597045,3,1.0,0.7855126999059266,False,1,0.7951645399597045,0.7951645399597045,0.7951645399597045,0.7951645399597045,0.7951645399597045,0.7951645399597045,0.7951645399597045,ISPY2_335536,0.95
0.8013651877133106,0.8013651877133106,0.8013651877133106,0.8013651877133106,0.8013651877133106,3,1.0,0.8609341825902336,False,1,0.8013651877133106,0.8013651877133106,0.8013651877133106,0.8013651877133106,0.8013651877133106,0.8013651877133106,0.8013651877133106,ISPY2_335536,0.98
0.8066298342541437,0.8066298342541437,0.8066298342541437,0.8066298342541437,0.8066298342541437,2,1.0,0.9474940334128878,False,1,0.8066298342541437,0.8066298342541437,0.8066298342541437,0.8066298342541437,0.8066298342541437,0.8066298342541437,0.8066298342541437,ISPY2_335536,0.99
0.9369896404631323,0.9369896404631323,0.0,0.9369896404631323,0.9369896404631323,2,1.0,0.7199858757062146,True,1,0.0,0.9369896404631323,0.9369896404631323,0.9369896404631323,0.9369896404631323,0.9369896404631323,0.9369896404631323,ISPY2_347516,0.5
0.9362279511533242,0.9362279511533242,0.0,0.9362279511533242,0.9362279511533242,2,1.0,0.7277381605412324,True,1,0.0,0.9362279511533242,0.9362279511533242,0.9362279511533242,0.9362279511533242,0.9362279511533242,0.9362279511533242,ISPY2_347516,0.8
0.9297256670424653,0.9297256670424653,0.0,0.9297256670424653,0.9297256670424653,2,1.0,0.7368622205236002,True,1,0.0,0.9297256670424653,0.9297256670424653,0.9297256670424653,0.9297256670424653,0.9297256670424653,0.9297256670424653,ISPY2_347516,0.95
0.9185618091729132,0.9185618091729132,0.0,0.9185618091729132,0.9185618091729132,2,1.0,0.7431520444620882,True,1,0.0,0.9185618091729132,0.9185618091729132,0.9185618091729132,0.9185618091729132,0.9185618091729132,0.9185618091729132,ISPY2_347516,0.98
0.9084824301711932,0.9084824301711932,0.0,0.9084824301711932,0.9084824301711932,2,1.0,0.7484586929716399,True,1,0.0,0.9084824301711932,0.9084824301711932,0.9084824301711932,0.9084824301711932,0.9084824301711932,0.9084824301711932,ISPY2_347516,0.99
0.0,0.8010307124451563,0.0,0.0,0.0,11,0.9990234375,0.5819160870540723,True,2,0.0,0.0,0.0,0.0,0.0,0.0,0.0,ISPY2_350331,0.5
0.0,0.739467276617723,0.0,0.0,0.0,10,0.9990234375,0.5993352083866019,True,2,0.0,0.0,0.0,0.0,0.0,0.0,0.0,ISPY2_350331,0.8
0.0,0.5727548953409858,0.0,0.0,0.0,8,0.9990234375,0.6546428571428572,True,2,0.0,0.0,0.0,0.0,0.0,0.0,0.0,ISPY2_350331,0.95
0.0,0.3610543721427877,0.0,0.0,0.0,7,0.9990234375,0.7048550471533357,True,2,0.0,0.0,0.0,0.0,0.0,0.0,0.0,ISPY2_350331,0.98
0.0,0.2042907460774896,0.0,0.0,0.0,7,0.9990234375,0.6594827586206896,True,2,0.0,0.0,0.0,0.0,0.0,0.0,0.0,ISPY2_350331,0.99
0.6063728925347294,0.6063728925347294,0.6063728925347294,0.0,0.6063728925347294,3,1.0,0.9507246376811594,False,1,0.6063728925347294,0.6063728925347294,0.6063728925347294,0.6063728925347294,0.6063728925347294,0.6063728925347294,0.6063728925347294,ISPY2_356431,0.5
0.6417293065871992,0.6417293065871992,0.6417293065871992,0.0,0.6417293065871992,3,1.0,0.9496348046999047,False,1,0.6417293065871992,0.6417293065871992,0.6417293065871992,0.6417293065871992,0.6417293065871992,0.6417293065871992,0.6417293065871992,ISPY2_356431,0.8
0.7088307945656649,0.7088307945656649,0.7088307945656649,0.0,0.7088307945656649,5,1.0,0.9068119475769583,False,1,0.7088307945656649,0.7088307945656649,0.7088307945656649,0.7088307945656649,0.7088307945656649,0.7088307945656649,0.7088307945656649,ISPY2_356431,0.95
0.6979082614362858,0.6979082614362858,0.6979082614362858,0.0,0.6979082614362858,7,1.0,0.8844449025873621,False,1,0.6979082614362858,0.6979082614362858,0.6979082614362858,0.6979082614362858,0.6979082614362858,0.6979082614362858,0.6979082614362858,ISPY2_356431,0.98
0.5190102595051298,0.5190102595051298,0.5190102595051298,0.0,0.5190102595051298,8,1.0,0.6431620553359684,False,1,0.5190102595051298,0.5190102595051298,0.5190102595051298,0.5190102595051298,0.5190102595051298,0.5190102595051298,0.5190102595051298,ISPY2_356431,0.99
0.0,0.8478513356562137,0.8478513356562137,0.8478513356562137,0.0,12,0.99267578125,0.24053826745164003,True,3,0.8478513356562137,0.8478513356562137,0.8478513356562137,0.8478513356562137,0.8478513356562137,0.8478513356562137,0.8478513356562137,ISPY2_356684,0.5
0.0,0.8584905660377359,0.8584905660377359,0.8584905660377359,0.8584905660377359,10,0.99267578125,0.21620441144354663,True,3,0.8584905660377359,0.8584905660377359,0.8584905660377359,0.8584905660377359,0.8584905660377359,0.8584905660377359,0.8584905660377359,ISPY2_356684,0.8
0.8737160120845922,0.8737160120845922,0.8737160120845922,0.8737160120845922,0.8737160120845922,8,1.0,0.3189593727726301,False,1,0.8737160120845922,0.8737160120845922,0.8737160120845922,0.8737160120845922,0.8737160120845922,0.8737160120845922,0.8737160120845922,ISPY2_356684,0.95
0.8789182544560541,0.8789182544560541,0.8789182544560541,0.8789182544560541,0.8789182544560541,8,1.0,0.49514563106796117,False,1,0.8789182544560541,0.8789182544560541,0.8789182544560541,0.8789182544560541,0.8789182544560541,0.8789182544560541,0.8789182544560541,ISPY2_356684,0.98
0.8830845771144279,0.8830845771144279,0.8830845771144279,0.8830845771144279,0.8830845771144279,3,1.0,0.5909407665505226,False,1,0.8830845771144279,0.8830845771144279,0.8830845771144279,0.8830845771144279,0.8830845771144279,0.8830845771144279,0.8830845771144279,ISPY2_356684,0.99
0.8793565683646113,0.8793565683646113,0.8793565683646113,0.8793565683646113,0.8793565683646113,7,1.0,0.9756000455010807,False,1,0.8793565683646113,0.8793565683646113,0.8793565683646113,0.8793565683646113,0.8793565683646113,0.8793565683646113,0.8793565683646113,ISPY2_366120,0.5
0.8725802499387405,0.8725802499387405,0.8725802499387405,0.8725802499387405,0.8725802499387405,6,1.0,0.9807656626878595,False,1,0.8725802499387405,0.8725802499387405,0.8725802499387405,0.8725802499387405,0.8725802499387405,0.8725802499387405,0.8725802499387405,ISPY2_366120,0.8
0.8405408936503789,0.8405408936503789,0.8405408936503789,0.8405408936503789,0.8405408936503789,8,1.0,0.9869369690912985,False,1,0.8405408936503789,0.8405408936503789,0.8405408936503789,0.8405408936503789,0.8405408936503789,0.8405408936503789,0.8405408936503789,ISPY2_366120,0.95
0.752505837973774,0.752505837973774,0.752505837973774,0.752505837973774,0.752505837973774,3,1.0,0.9963915200721696,False,1,0.752505837973774,0.752505837973774,0.752505837973774,0.752505837973774,0.752505837973774,0.752505837973774,0.752505837973774,ISPY2_366120,0.98
0.47059872497882393,0.47059872497882393,0.47059872497882393,0.47059872497882393,0.47059872497882393,6,1.0,0.7102744900528835,False,1,0.47059872497882393,0.47059872497882393,0.47059872497882393,0.47059872497882393,0.47059872497882393,0.47059872497882393,0.47059872497882393,ISPY2_366120,0.99
0.9347909474491753,0.9347909474491753,0.9347909474491753,0.9347909474491753,0.9347909474491753,2,0.99951171875,0.9722912966252221,False,1,0.9347909474491753,0.9347909474491753,0.9347909474491753,0.9347909474491753,0.9347909474491753,0.9347909474491753,0.9347909474491753,ISPY2_367682,0.5
0.9454616283599533,0.9454616283599533,0.9454616283599533,0.9454616283599533,0.9454616283599533,2,0.99951171875,0.9895716945996276,False,1,0.9454616283599533,0.9454616283599533,0.9454616283599533,0.9454616283599533,0.9454616283599533,0.9454616283599533,0.9454616283599533,ISPY2_367682,0.8
0.9491525423728814,0.9491525423728814,0.9491525423728814,0.9491525423728814,0.9491525423728814,1,0.99951171875,1.0,False,1,0.9491525423728814,0.9491525423728814,0.9491525423728814,0.9491525423728814,0.9491525423728814,0.9491525423728814,0.9491525423728814,ISPY2_367682,0.95
0.9452026889386841,0.9452026889386841,0.9452026889386841,0.9452026889386841,0.9452026889386841,1,0.99951171875,1.0,False,1,0.9452026889386841,0.9452026889386841,0.9452026889386841,0.9452026889386841,0.9452026889386841,0.9452026889386841,0.9452026889386841,ISPY2_367682,0.98
0.9248262792166771,0.9248262792166771,0.9248262792166771,0.9248262792166771,0.9248262792166771,1,0.99951171875,1.0,False,1,0.9248262792166771,0.9248262792166771,0.9248262792166771,0.9248262792166771,0.9248262792166771,0.9248262792166771,0.9248262792166771,ISPY2_367682,0.99
0.9093275488069414,0.9093275488069414,0.9093275488069414,0.9093275488069414,0.9093275488069414,2,1.0,0.9771345875542692,False,1,0.9093275488069414,0.9093275488069414,0.9093275488069414,0.9093275488069414,0.9093275488069414,0.9093275488069414,0.9093275488069414,ISPY2_374121,0.5
0.9064558629776021,0.9064558629776021,0.9064558629776021,0.9064558629776021,0.9064558629776021,2,1.0,0.9912676904546823,False,1,0.9064558629776021,0.9064558629776021,0.9064558629776021,0.9064558629776021,0.9064558629776021,0.9064558629776021,0.9064558629776021,ISPY2_374121,0.8
0.9051094890510949,0.9051094890510949,0.9051094890510949,0.9051094890510949,0.9051094890510949,1,1.0,1.0,False,1,0.9051094890510949,0.9051094890510949,0.9051094890510949,0.9051094890510949,0.9051094890510949,0.9051094890510949,0.9051094890510949,ISPY2_374121,0.95
0.9002866193996077,0.9002866193996077,0.9002866193996077,0.9002866193996077,0.9002866193996077,1,1.0,1.0,False,1,0.9002866193996077,0.9002866193996077,0.9002866193996077,0.9002866193996077,0.9002866193996077,0.9002866193996077,0.9002866193996077,ISPY2_374121,0.98
0.8935064935064935,0.8935064935064935,0.8935064935064935,0.8935064935064935,0.8935064935064935,1,1.0,1.0,False,1,0.8935064935064935,0.8935064935064935,0.8935064935064935,0.8935064935064935,0.8935064935064935,0.8935064935064935,0.8935064935064935,ISPY2_374121,0.99
0.8586505842442518,0.8586505842442518,0.8586505842442518,0.8586505842442518,0.8586505842442518,4,1.0,0.8066630256690334,False,1,0.8586505842442518,0.8586505842442518,0.8586505842442518,0.8586505842442518,0.8586505842442518,0.8586505842442518,0.8586505842442518,ISPY2_378401,0.5
0.879410624272974,0.879410624272974,0.879410624272974,0.879410624272974,0.879410624272974,3,1.0,0.8426426426426427,False,1,0.879410624272974,0.879410624272974,0.879410624272974,0.879410624272974,0.879410624272974,0.879410624272974,0.879410624272974,ISPY2_378401,0.8
0.8995598239295718,0.8995598239295718,0.8995598239295718,0.8995598239295718,0.8995598239295718,2,1.0,0.8927125506072875,False,1,0.8995598239295718,0.8995598239295718,0.8995598239295718,0.8995598239295718,0.8995598239295718,0.8995598239295718,0.8995598239295718,ISPY2_378401,0.95
0.9070053256861942,0.9070053256861942,0.9070053256861942,0.9070053256861942,0.9070053256861942,2,1.0,0.9226841721371262,False,1,0.9070053256861942,0.9070053256861942,0.9070053256861942,0.9070053256861942,0.9070053256861942,0.9070053256861942,0.9070053256861942,ISPY2_378401,0.98
0.9121338912133892,0.9121338912133892,0.9121338912133892,0.9121338912133892,0.9121338912133892,2,1.0,0.9782433521353747,False,1,0.9121338912133892,0.9121338912133892,0.9121338912133892,0.9121338912133892,0.9121338912133892,0.9121338912133892,0.9121338912133892,ISPY2_378401,0.99
0.0,0.8855313700384123,0.8855313700384123,0.8855313700384123,0.0,12,0.99951171875,0.5535624052551794,True,2,0.8855313700384123,0.0,0.0,0.8855313700384123,0.0,0.0,0.8855313700384123,ISPY2_411008,0.5
0.0,0.8759894459102903,0.8759894459102903,0.8759894459102903,0.0,10,0.99951171875,0.3094968908988129,True,3,0.8759894459102903,0.0,0.0,0.8759894459102903,0.0,0.8759894459102903,0.8759894459102903,ISPY2_411008,0.8
0.0,0.8661760697737804,0.8661760697737804,0.8661760697737804,0.0,5,0.99951171875,0.3194377894904967,True,2,0.8661760697737804,0.0,0.0,0.8661760697737804,0.0,0.8661760697737804,0.8661760697737804,ISPY2_411008,0.95
0.0,0.8535564853556485,0.8535564853556485,0.8535564853556485,0.0,5,0.99951171875,0.3294602698650675,True,2,0.8535564853556485,0.0,0.0,0.8535564853556485,0.0,0.8535564853556485,0.8535564853556485,ISPY2_411008,0.98
0.8428530832622905,0.8428530832622905,0.8428530832622905,0.8428530832622905,0.8428530832622905,5,1.0,0.3541089566020314,False,1,0.8428530832622905,0.8428530832622905,0.8428530832622905,0.8428530832622905,0.8428530832622905,0.8428530832622905,0.8428530832622905,ISPY2_411008,0.99
0.0,0.8890694839496139,0.8890694839496139,0.8890694839496139,0.0,2,1.0,0.567629179331307,True,2,0.8890694839496139,0.0,0.0,0.0,0.0,0.0,0.8890694839496139,ISPY2_412772,0.5
0.0,0.8777455449647742,0.8777455449647742,0.8777455449647742,0.0,2,1.0,0.5595959595959596,True,2,0.8777455449647742,0.0,0.0,0.0,0.0,0.0,0.8777455449647742,ISPY2_412772,0.8
0.0,0.8582408198121264,0.8582408198121264,0.8582408198121264,0.0,3,1.0,0.5200372786579683,True,2,0.8582408198121264,0.0,0.0,0.0,0.0,0.0,0.8582408198121264,ISPY2_412772,0.95
0.0,0.8403141361256544,0.8403141361256544,0.8403141361256544,0.0,2,1.0,0.5135542168674698,True,2,0.8403141361256544,0.0,0.0,0.0,0.0,0.0,0.8403141361256544,ISPY2_412772,0.98
0.0,0.8133928571428571,0.8133928571428571,0.8133928571428571,0.0,2,1.0,0.5106723585912487,True,2,0.8133928571428571,0.0,0.0,0.0,0.0,0.0,0.8133928571428571,ISPY2_412772,0.99
0.0,0.9333162677588634,0.0,0.9333162677588634,0.9333162677588634,15,0.99609375,0.40211140674620205,True,2,0.0,0.0,0.0,0.0,0.0,0.0,0.0,ISPY2_413961,0.5
0.9353285621340274,0.9353285621340274,0.0,0.9353285621340274,0.9353285621340274,12,1.0,0.42727174266219,True,1,0.0,0.9353285621340274,0.9353285621340274,0.9353285621340274,0.9353285621340274,0.0,0.0,ISPY2_413961,0.8
0.9361702127659575,0.9361702127659575,0.0,0.9361702127659575,0.9361702127659575,12,1.0,0.6033519553072626,True,1,0.0,0.9361702127659575,0.9361702127659575,0.9361702127659575,0.9361702127659575,0.9361702127659575,0.0,ISPY2_413961,0.95
0.9346273082625691,0.9346273082625691,0.0,0.9346273082625691,0.9346273082625691,8,1.0,0.7764879696074293,True,1,0.0,0.9346273082625691,0.9346273082625691,0.9346273082625691,0.9346273082625691,0.9346273082625691,0.9346273082625691,ISPY2_413961,0.98
0.9304798255179935,0.9304798255179935,0.0,0.9304798255179935,0.9304798255179935,5,1.0,0.86214337089427,True,1,0.0,0.9304798255179935,0.9304798255179935,0.9304798255179935,0.9304798255179935,0.9304798255179935,0.9304798255179935,ISPY2_413961,0.99
0.8021164021164021,0.8021164021164021,0.8021164021164021,0.8021164021164021,0.8021164021164021,1,1.0,1.0,False,1,0.8021164021164021,0.8021164021164021,0.8021164021164021,0.8021164021164021,0.8021164021164021,0.8021164021164021,0.8021164021164021,ISPY2_417474,0.5
0.8053392658509455,0.8053392658509455,0.8053392658509455,0.8053392658509455,0.8053392658509455,1,1.0,1.0,False,1,0.8053392658509455,0.8053392658509455,0.8053392658509455,0.8053392658509455,0.8053392658509455,0.8053392658509455,0.8053392658509455,ISPY2_417474,0.8
0.8066037735849056,0.8066037735849056,0.8066037735849056,0.8066037735849056,0.8066037735849056,1,1.0,1.0,False,1,0.8066037735849056,0.8066037735849056,0.8066037735849056,0.8066037735849056,0.8066037735849056,0.8066037735849056,0.8066037735849056,ISPY2_417474,0.95
0.7980173482032218,0.7980173482032218,0.7980173482032218,0.7980173482032218,0.7980173482032218,1,1.0,1.0,False,1,0.7980173482032218,0.7980173482032218,0.7980173482032218,0.7980173482032218,0.7980173482032218,0.7980173482032218,0.7980173482032218,ISPY2_417474,0.98
0.7761966364812419,0.7761966364812419,0.7761966364812419,0.7761966364812419,0.7761966364812419,1,1.0,1.0,False,1,0.7761966364812419,0.7761966364812419,0.7761966364812419,0.7761966364812419,0.7761966364812419,0.7761966364812419,0.7761966364812419,ISPY2_417474,0.99
0.566776007497657,0.566776007497657,0.566776007497657,0.566776007497657,0.566776007497657,6,0.99755859375,0.518354175070593,False,1,0.566776007497657,0.566776007497657,0.566776007497657,0.566776007497657,0.566776007497657,0.566776007497657,0.566776007497657,ISPY2_422013,0.5
0.5056874381800198,0.5056874381800198,0.5056874381800198,0.5056874381800198,0.5056874381800198,4,0.99755859375,0.5373512281590276,False,1,0.5056874381800198,0.5056874381800198,0.5056874381800198,0.5056874381800198,0.5056874381800198,0.5056874381800198,0.5056874381800198,ISPY2_422013,0.8
0.3408681181528221,0.3408681181528221,0.3408681181528221,0.3408681181528221,0.3408681181528221,6,0.99755859375,0.46111111111111114,False,1,0.3408681181528221,0.3408681181528221,0.3408681181528221,0.3408681181528221,0.3408681181528221,0.3408681181528221,0.3408681181528221,ISPY2_422013,0.95
0.22073279714030383,0.22073279714030383,0.22073279714030383,0.22073279714030383,0.22073279714030383,4,0.99755859375,0.5548961424332344,False,1,0.22073279714030383,0.22073279714030383,0.22073279714030383,0.22073279714030383,0.22073279714030383,0.22073279714030383,0.22073279714030383,ISPY2_422013,0.98
0.0868868226995832,0.0868868226995832,0.0868868226995832,0.0868868226995832,0.0868868226995832,6,0.99755859375,0.6956521739130435,False,1,0.0868868226995832,0.0868868226995832,0.0868868226995832,0.0868868226995832,0.0868868226995832,0.0868868226995832,0.0868868226995832,ISPY2_422013,0.99
0.9503192649120075,0.9503192649120075,0.9503192649120075,0.9503192649120075,0.9503192649120075,2,1.0,0.9766737352317479,False,1,0.9503192649120075,0.9503192649120075,0.9503192649120075,0.9503192649120075,0.9503192649120075,0.9503192649120075,0.9503192649120075,ISPY2_425173,0.5
0.9490886235072281,0.9490886235072281,0.9490886235072281,0.9490886235072281,0.9490886235072281,2,1.0,0.9786773794808405,False,1,0.9490886235072281,0.9490886235072281,0.9490886235072281,0.9490886235072281,0.9490886235072281,0.9490886235072281,0.9490886235072281,ISPY2_425173,0.8
0.9484372521021736,0.9484372521021736,0.9484372521021736,0.9484372521021736,0.9484372521021736,2,1.0,0.9804292929292929,False,1,0.9484372521021736,0.9484372521021736,0.9484372521021736,0.9484372521021736,0.9484372521021736,0.9484372521021736,0.9484372521021736,ISPY2_425173,0.95
0.9441331839282856,0.9441331839282856,0.9441331839282856,0.9441331839282856,0.9441331839282856,2,1.0,0.984188447886415,False,1,0.9441331839282856,0.9441331839282856,0.9441331839282856,0.9441331839282856,0.9441331839282856,0.9441331839282856,0.9441331839282856,ISPY2_425173,0.98
0.9410438144329897,0.9410438144329897,0.9410438144329897,0.9410438144329897,0.9410438144329897,2,1.0,0.9927464556544675,False,1,0.9410438144329897,0.9410438144329897,0.9410438144329897,0.9410438144329897,0.9410438144329897,0.9410438144329897,0.9410438144329897,ISPY2_425173,0.99
0.9237058934524184,0.9237058934524184,0.9237058934524184,0.9237058934524184,0.9237058934524184,8,1.0,0.8814814814814815,False,1,0.9237058934524184,0.9237058934524184,0.9237058934524184,0.9237058934524184,0.9237058934524184,0.9237058934524184,0.9237058934524184,ISPY2_426106,0.5
0.9198344476281439,0.9198344476281439,0.9198344476281439,0.9198344476281439,0.9198344476281439,6,1.0,0.9257408068546947,False,1,0.9198344476281439,0.9198344476281439,0.9198344476281439,0.9198344476281439,0.9198344476281439,0.9198344476281439,0.9198344476281439,ISPY2_426106,0.8
0.9116809116809117,0.9116809116809117,0.9116809116809117,0.9116809116809117,0.9116809116809117,3,1.0,0.9689392963010697,False,1,0.9116809116809117,0.9116809116809117,0.9116809116809117,0.9116809116809117,0.9116809116809117,0.9116809116809117,0.9116809116809117,ISPY2_426106,0.95
0.9023029984909127,0.9023029984909127,0.9023029984909127,0.9023029984909127,0.9023029984909127,3,1.0,0.9940209267563528,False,1,0.9023029984909127,0.9023029984909127,0.9023029984909127,0.9023029984909127,0.9023029984909127,0.9023029984909127,0.9023029984909127,ISPY2_426106,0.98
0.89208250166334,0.89208250166334,0.89208250166334,0.89208250166334,0.89208250166334,1,1.0,1.0,False,1,0.89208250166334,0.89208250166334,0.89208250166334,0.89208250166334,0.89208250166334,0.89208250166334,0.89208250166334,ISPY2_426106,0.99
0.5004486316733961,0.5004486316733961,0.5004486316733961,0.06879817299457608,0.5004486316733961,5,1.0,0.7989365237620472,False,1,0.5004486316733961,0.5004486316733961,0.5004486316733961,0.5004486316733961,0.5004486316733961,0.5004486316733961,0.5004486316733961,ISPY2_435279,0.5
0.4441838649155722,0.4441838649155722,0.4441838649155722,0.06666666666666667,0.4441838649155722,4,1.0,0.803187250996016,False,1,0.4441838649155722,0.4441838649155722,0.4441838649155722,0.4441838649155722,0.4441838649155722,0.4441838649155722,0.4441838649155722,ISPY2_435279,0.8
0.3689972630007465,0.3689972630007465,0.3689972630007465,0.06248183667538506,0.3689972630007465,3,1.0,0.8006295907660022,False,1,0.3689972630007465,0.3689972630007465,0.3689972630007465,0.3689972630007465,0.3689972630007465,0.3689972630007465,0.3689972630007465,ISPY2_435279,0.95
0.23099891422366992,0.23099891422366992,0.03993993993993994,0.03993993993993994,0.23099891422366992,4,0.99951171875,0.6239067055393586,True,1,0.03993993993993994,0.23099891422366992,0.23099891422366992,0.03993993993993994,0.23099891422366992,0.23099891422366992,0.03993993993993994,ISPY2_435279,0.98
0.15310462149135243,0.15310462149135243,0.032593933906745136,0.032593933906745136,0.15310462149135243,4,0.99951171875,0.6339181286549708,True,1,0.032593933906745136,0.15310462149135243,0.15310462149135243,0.032593933906745136,0.15310462149135243,0.15310462149135243,0.032593933906745136,ISPY2_435279,0.99
0.9037858188663459,0.9037858188663459,0.9037858188663459,0.9037858188663459,0.9037858188663459,2,1.0,0.9974816369359916,False,1,0.9037858188663459,0.9037858188663459,0.9037858188663459,0.9037858188663459,0.9037858188663459,0.9037858188663459,0.9037858188663459,ISPY2_439489,0.5
0.8994969495879268,0.8994969495879268,0.8994969495879268,0.8994969495879268,0.8994969495879268,1,1.0,1.0,False,1,0.8994969495879268,0.8994969495879268,0.8994969495879268,0.8994969495879268,0.8994969495879268,0.8994969495879268,0.8994969495879268,ISPY2_439489,0.8
0.8857648882001329,0.8857648882001329,0.8857648882001329,0.8857648882001329,0.8857648882001329,1,1.0,1.0,False,1,0.8857648882001329,0.8857648882001329,0.8857648882001329,0.8857648882001329,0.8857648882001329,0.8857648882001329,0.8857648882001329,ISPY2_439489,0.95
0.854041570438799,0.854041570438799,0.854041570438799,0.854041570438799,0.854041570438799,2,1.0,0.9974099974099974,False,1,0.854041570438799,0.854041570438799,0.854041570438799,0.854041570438799,0.854041570438799,0.854041570438799,0.854041570438799,ISPY2_439489,0.98
0.8177221285817481,0.8177221285817481,0.8177221285817481,0.8177221285817481,0.8177221285817481,1,1.0,1.0,False,1,0.8177221285817481,0.8177221285817481,0.8177221285817481,0.8177221285817481,0.8177221285817481,0.8177221285817481,0.8177221285817481,ISPY2_439489,0.99
0.8033324470442258,0.8033324470442258,0.8033324470442258,0.8033324470442258,0.8033324470442258,3,1.0,0.8085137722786861,False,1,0.8033324470442258,0.8033324470442258,0.8033324470442258,0.8033324470442258,0.8033324470442258,0.8033324470442258,0.8033324470442258,ISPY2_446263,0.5
0.8021534320323015,0.8021534320323015,0.8021534320323015,0.8021534320323015,0.8021534320323015,3,1.0,0.8152041438147472,False,1,0.8021534320323015,0.8021534320323015,0.8021534320323015,0.8021534320323015,0.8021534320323015,0.8021534320323015,0.8021534320323015,ISPY2_446263,0.8
0.8005476951163852,0.8005476951163852,0.8005476951163852,0.8005476951163852,0.8005476951163852,3,1.0,0.8470375841129164,False,1,0.8005476951163852,0.8005476951163852,0.8005476951163852,0.8005476951163852,0.8005476951163852,0.8005476951163852,0.8005476951163852,ISPY2_446263,0.95
0.7991860142447507,0.7991860142447507,0.7991860142447507,0.7991860142447507,0.7991860142447507,3,1.0,0.8962129331904252,False,1,0.7991860142447507,0.7991860142447507,0.7991860142447507,0.7991860142447507,0.7991860142447507,0.7991860142447507,0.7991860142447507,ISPY2_446263,0.98
0.7976424361493124,0.7976424361493124,0.7976424361493124,0.7976424361493124,0.7976424361493124,4,1.0,0.9357675396673676,False,1,0.7976424361493124,0.7976424361493124,0.7976424361493124,0.7976424361493124,0.7976424361493124,0.7976424361493124,0.7976424361493124,ISPY2_446263,0.99
0.6979228486646885,0.6979228486646885,0.6979228486646885,0.6979228486646885,0.6979228486646885,8,1.0,0.8271439811172305,False,1,0.6979228486646885,0.6979228486646885,0.6979228486646885,0.6979228486646885,0.6979228486646885,0.6979228486646885,0.6979228486646885,ISPY2_452703,0.5
0.6836485661989018,0.6836485661989018,0.6836485661989018,0.6836485661989018,0.6836485661989018,7,1.0,0.8749776266332557,False,1,0.6836485661989018,0.6836485661989018,0.6836485661989018,0.6836485661989018,0.6836485661989018,0.6836485661989018,0.6836485661989018,ISPY2_452703,0.8
0.5660057617352992,0.5660057617352992,0.5660057617352992,0.5660057617352992,0.5660057617352992,4,1.0,0.8978798143269351,False,1,0.5660057617352992,0.5660057617352992,0.5660057617352992,0.5660057617352992,0.5660057617352992,0.5660057617352992,0.5660057617352992,ISPY2_452703,0.95
0.4047186932849365,0.4047186932849365,0.4047186932849365,0.4047186932849365,0.4047186932849365,2,1.0,0.9032582461786002,False,1,0.4047186932849365,0.4047186932849365,0.4047186932849365,0.4047186932849365,0.4047186932849365,0.4047186932849365,0.4047186932849365,ISPY2_452703,0.98
0.2824542295524091,0.2824542295524091,0.2824542295524091,0.2824542295524091,0.2824542295524091,2,1.0,0.938099966898378,False,1,0.2824542295524091,0.2824542295524091,0.2824542295524091,0.2824542295524091,0.2824542295524091,0.2824542295524091,0.2824542295524091,ISPY2_452703,0.99
0.0,0.48601735776277727,0.48601735776277727,0.48601735776277727,0.0,10,0.95556640625,0.49925779317169716,True,3,0.48601735776277727,0.48601735776277727,0.48601735776277727,0.48601735776277727,0.0,0.48601735776277727,0.48601735776277727,ISPY2_454808,0.5
0.47024390243902436,0.47024390243902436,0.47024390243902436,0.47024390243902436,0.47024390243902436,10,1.0,0.27601809954751133,False,1,0.47024390243902436,0.47024390243902436,0.47024390243902436,0.47024390243902436,0.47024390243902436,0.47024390243902436,0.47024390243902436,ISPY2_454808,0.8
0.4411177644710579,0.4411177644710579,0.4411177644710579,0.4411177644710579,0.4411177644710579,4,1.0,0.7809187279151943,False,1,0.4411177644710579,0.4411177644710579,0.4411177644710579,0.4411177644710579,0.4411177644710579,0.4411177644710579,0.4411177644710579,ISPY2_454808,0.95
0.4269889224572004,0.4269889224572004,0.4269889224572004,0.4269889224572004,0.4269889224572004,2,1.0,0.8796680497925311,False,1,0.4269889224572004,0.4269889224572004,0.4269889224572004,0.4269889224572004,0.4269889224572004,0.4269889224572004,0.4269889224572004,ISPY2_454808,0.98
0.4077471967380224,0.4077471967380224,0.4077471967380224,0.4077471967380224,0.4077471967380224,2,1.0,0.8849557522123894,False,1,0.4077471967380224,0.4077471967380224,0.4077471967380224,0.4077471967380224,0.4077471967380224,0.4077471967380224,0.4077471967380224,ISPY2_454808,0.99
0.8819018404907976,0.8819018404907976,0.8819018404907976,0.8819018404907976,0.8819018404907976,2,1.0,0.9716713881019831,False,1,0.8819018404907976,0.8819018404907976,0.8819018404907976,0.8819018404907976,0.8819018404907976,0.8819018404907976,0.8819018404907976,ISPY2_458196,0.5
0.8867924528301887,0.8867924528301887,0.8867924528301887,0.8867924528301887,0.8867924528301887,2,1.0,0.9790419161676647,False,1,0.8867924528301887,0.8867924528301887,0.8867924528301887,0.8867924528301887,0.8867924528301887,0.8867924528301887,0.8867924528301887,ISPY2_458196,0.8
0.8930008045052292,0.8930008045052292,0.8930008045052292,0.8930008045052292,0.8930008045052292,1,1.0,1.0,False,1,0.8930008045052292,0.8930008045052292,0.8930008045052292,0.8930008045052292,0.8930008045052292,0.8930008045052292,0.8930008045052292,ISPY2_458196,0.95
0.8905349794238683,0.8905349794238683,0.8905349794238683,0.8905349794238683,0.8905349794238683,1,1.0,1.0,False,1,0.8905349794238683,0.8905349794238683,0.8905349794238683,0.8905349794238683,0.8905349794238683,0.8905349794238683,0.8905349794238683,ISPY2_458196,0.98
0.8874061718098415,0.8874061718098415,0.8874061718098415,0.8874061718098415,0.8874061718098415,1,1.0,1.0,False,1,0.8874061718098415,0.8874061718098415,0.8874061718098415,0.8874061718098415,0.8874061718098415,0.8874061718098415,0.8874061718098415,ISPY2_458196,0.99
0.8316610925306578,0.8316610925306578,0.8316610925306578,0.8316610925306578,0.8316610925306578,1,1.0,1.0,False,1,0.8316610925306578,0.8316610925306578,0.8316610925306578,0.8316610925306578,0.8316610925306578,0.8316610925306578,0.8316610925306578,ISPY2_460776,0.5
0.8398169336384439,0.8398169336384439,0.8398169336384439,0.8398169336384439,0.8398169336384439,1,1.0,1.0,False,1,0.8398169336384439,0.8398169336384439,0.8398169336384439,0.8398169336384439,0.8398169336384439,0.8398169336384439,0.8398169336384439,ISPY2_460776,0.8
0.8430913348946136,0.8430913348946136,0.8430913348946136,0.8430913348946136,0.8430913348946136,1,1.0,1.0,False,1,0.8430913348946136,0.8430913348946136,0.8430913348946136,0.8430913348946136,0.8430913348946136,0.8430913348946136,0.8430913348946136,ISPY2_460776,0.95
0.8428571428571429,0.8428571428571429,0.8428571428571429,0.8428571428571429,0.8428571428571429,1,1.0,1.0,False,1,0.8428571428571429,0.8428571428571429,0.8428571428571429,0.8428571428571429,0.8428571428571429,0.8428571428571429,0.8428571428571429,ISPY2_460776,0.98
0.8429951690821256,0.8429951690821256,0.8429951690821256,0.8429951690821256,0.8429951690821256,1,1.0,1.0,False,1,0.8429951690821256,0.8429951690821256,0.8429951690821256,0.8429951690821256,0.8429951690821256,0.8429951690821256,0.8429951690821256,ISPY2_460776,0.99
0.0,0.0,0.0,0.0,0.0,4,0.98681640625,0.9726668680157052,True,2,0.0,0.0,0.0,0.0,0.0,0.0,0.0,ISPY2_473468,0.5
0.0,0.0,0.0,0.0,0.0,7,0.98681640625,0.73291015625,True,4,0.0,0.0,0.0,0.0,0.0,0.0,0.0,ISPY2_473468,0.8
0.0,0.0,0.0,0.0,0.0,12,0.98681640625,0.5653883972468043,True,4,0.0,0.0,0.0,0.0,0.0,0.0,0.0,ISPY2_473468,0.95
0.0,0.0,0.0,0.0,0.0,2,0.99853515625,0.7209302325581395,False,1,0.0,0.0,0.0,0.0,0.0,0.0,0.0,ISPY2_473468,0.98
0.0,0.0,0.0,0.0,0.0,1,0.99853515625,1.0,False,1,0.0,0.0,0.0,0.0,0.0,0.0,0.0,ISPY2_473468,0.99
0.45420136260408783,0.45420136260408783,0.45420136260408783,0.45420136260408783,0.45420136260408783,5,1.0,0.65334329473291,False,1,0.45420136260408783,0.45420136260408783,0.45420136260408783,0.45420136260408783,0.45420136260408783,0.45420136260408783,0.45420136260408783,ISPY2_478055,0.5
0.44536652835408025,0.44536652835408025,0.44536652835408025,0.44536652835408025,0.44536652835408025,5,1.0,0.6733278955954323,False,1,0.44536652835408025,0.44536652835408025,0.44536652835408025,0.44536652835408025,0.44536652835408025,0.44536652835408025,0.44536652835408025,ISPY2_478055,0.8
0.43120700437773607,0.43120700437773607,0.43120700437773607,0.43120700437773607,0.43120700437773607,4,1.0,0.7202993451824135,False,1,0.43120700437773607,0.43120700437773607,0.43120700437773607,0.43120700437773607,0.43120700437773607,0.43120700437773607,0.43120700437773607,ISPY2_478055,0.95
0.4184938036224976,0.4184938036224976,0.4184938036224976,0.4184938036224976,0.4184938036224976,3,1.0,0.7632696390658175,False,1,0.4184938036224976,0.4184938036224976,0.4184938036224976,0.4184938036224976,0.4184938036224976,0.4184938036224976,0.4184938036224976,ISPY2_478055,0.98
0.4003887269193392,0.4003887269193392,0.4003887269193392,0.4003887269193392,0.4003887269193392,3,1.0,0.7911164465786314,False,1,0.4003887269193392,0.4003887269193392,0.4003887269193392,0.4003887269193392,0.4003887269193392,0.4003887269193392,0.4003887269193392,ISPY2_478055,0.99
0.8859925093632959,0.8859925093632959,0.8859925093632959,0.8859925093632959,0.8859925093632959,1,1.0,1.0,False,1,0.8859925093632959,0.8859925093632959,0.8859925093632959,0.8859925093632959,0.8859925093632959,0.8859925093632959,0.8859925093632959,ISPY2_478655,0.5
0.8948976474182707,0.8948976474182707,0.8948976474182707,0.8948976474182707,0.8948976474182707,1,1.0,1.0,False,1,0.8948976474182707,0.8948976474182707,0.8948976474182707,0.8948976474182707,0.8948976474182707,0.8948976474182707,0.8948976474182707,ISPY2_478655,0.8
0.902851770604826,0.902851770604826,0.902851770604826,0.902851770604826,0.902851770604826,1,1.0,1.0,False,1,0.902851770604826,0.902851770604826,0.902851770604826,0.902851770604826,0.902851770604826,0.902851770604826,0.902851770604826,ISPY2_478655,0.95
0.9083945100542611,0.9083945100542611,0.9083945100542611,0.9083945100542611,0.9083945100542611,1,1.0,1.0,False,1,0.9083945100542611,0.9083945100542611,0.9083945100542611,0.9083945100542611,0.9083945100542611,0.9083945100542611,0.9083945100542611,ISPY2_478655,0.98
0.9065541855937703,0.9065541855937703,0.9065541855937703,0.9065541855937703,0.9065541855937703,1,1.0,1.0,False,1,0.9065541855937703,0.9065541855937703,0.9065541855937703,0.9065541855937703,0.9065541855937703,0.9065541855937703,0.9065541855937703,ISPY2_478655,0.99
0.6721859576500557,0.6721859576500557,0.6721859576500557,0.6721859576500557,0.6721859576500557,4,1.0,0.8031550068587106,False,1,0.6721859576500557,0.6721859576500557,0.6721859576500557,0.6721859576500557,0.6721859576500557,0.6721859576500557,0.6721859576500557,ISPY2_484867,0.5
0.6783100465735197,0.6783100465735197,0.6783100465735197,0.6783100465735197,0.6783100465735197,2,1.0,0.8134403209628887,False,1,0.6783100465735197,0.6783100465735197,0.6783100465735197,0.6783100465735197,0.6783100465735197,0.6783100465735197,0.6783100465735197,ISPY2_484867,0.8
0.6842384574562179,0.6842384574562179,0.6842384574562179,0.6842384574562179,0.6842384574562179,2,1.0,0.8205346985210467,False,1,0.6842384574562179,0.6842384574562179,0.6842384574562179,0.6842384574562179,0.6842384574562179,0.6842384574562179,0.6842384574562179,ISPY2_484867,0.95
0.7564659631698738,0.7564659631698738,0.7564659631698738,0.7564659631698738,0.7564659631698738,3,1.0,0.6665590703679793,False,1,0.7564659631698738,0.7564659631698738,0.7564659631698738,0.7564659631698738,0.7564659631698738,0.7564659631698738,0.7564659631698738,ISPY2_484867,0.98
0.7316861725184222,0.7316861725184222,0.7316861725184222,0.7316861725184222,0.7316861725184222,3,1.0,0.702168124762267,False,1,0.7316861725184222,0.7316861725184222,0.7316861725184222,0.7316861725184222,0.7316861725184222,0.7316861725184222,0.7316861725184222,ISPY2_484867,0.99
0.8495710784313726,0.8495710784313726,0.8495710784313726,0.8495710784313726,0.8495710784313726,19,1.0,0.3909854647286305,False,1,0.8495710784313726,0.8495710784313726,0.8495710784313726,0.8495710784313726,0.8495710784313726,0.8495710784313726,0.8495710784313726,ISPY2_491779,0.5
0.8383158553764283,0.8383158553764283,0.8383158553764283,0.8383158553764283,0.8383158553764283,10,1.0,0.4686241610738255,False,1,0.8383158553764283,0.8383158553764283,0.8383158553764283,0.8383158553764283,0.8383158553764283,0.8383158553764283,0.8383158553764283,ISPY2_491779,0.8
0.8147670482024827,0.8147670482024827,0.8147670482024827,0.8147670482024827,0.8147670482024827,6,1.0,0.5735973597359736,False,1,0.8147670482024827,0.8147670482024827,0.8147670482024827,0.8147670482024827,0.8147670482024827,0.8147670482024827,0.8147670482024827,ISPY2_491779,0.95
0.7981560750740863,0.7981560750740863,0.7981560750740863,0.7981560750740863,0.7981560750740863,5,1.0,0.662744049211019,False,1,0.7981560750740863,0.7981560750740863,0.7981560750740863,0.7981560750740863,0.7981560750740863,0.7981560750740863,0.7981560750740863,ISPY2_491779,0.98
0.7711821410451547,0.7711821410451547,0.7711821410451547,0.7711821410451547,0.7711821410451547,4,1.0,0.6932974266906045,False,1,0.7711821410451547,0.7711821410451547,0.7711821410451547,0.7711821410451547,0.7711821410451547,0.7711821410451547,0.7711821410451547,ISPY2_491779,0.99
0.7922848664688428,0.7922848664688428,0.7922848664688428,0.7922848664688428,0.7922848664688428,3,1.0,0.647485743908761,False,1,0.7922848664688428,0.7922848664688428,0.7922848664688428,0.7922848664688428,0.7922848664688428,0.7922848664688428,0.7922848664688428,ISPY2_493472,0.5
0.7966804979253111,0.7966804979253111,0.7966804979253111,0.7966804979253111,0.7966804979253111,3,1.0,0.6748878923766816,False,1,0.7966804979253111,0.7966804979253111,0.7966804979253111,0.7966804979253111,0.7966804979253111,0.7966804979253111,0.7966804979253111,ISPY2_493472,0.8
0.7938342967244701,0.7938342967244701,0.7938342967244701,0.7938342967244701,0.7938342967244701,3,1.0,0.7288888888888889,False,1,0.7938342967244701,0.7938342967244701,0.7938342967244701,0.7938342967244701,0.7938342967244701,0.7938342967244701,0.7938342967244701,ISPY2_493472,0.95
0.7875,0.7875,0.7875,0.7875,0.7875,4,1.0,0.7955682630450321,False,1,0.7875,0.7875,0.7875,0.7875,0.7875,0.7875,0.7875,ISPY2_493472,0.98
0.7802940007945968,0.7802940007945968,0.7802940007945968,0.7802940007945968,0.7802940007945968,3,1.0,0.8734693877551021,False,1,0.7802940007945968,0.7802940007945968,0.7802940007945968,0.7802940007945968,0.7802940007945968,0.7802940007945968,0.7802940007945968,ISPY2_493472,0.99
0.9059739167017249,0.9059739167017249,0.9059739167017249,0.9059739167017249,0.9059739167017249,2,1.0,0.997080291970803,False,1,0.9059739167017249,0.9059739167017249,0.9059739167017249,0.9059739167017249,0.9059739167017249,0.9059739167017249,0.9059739167017249,ISPY2_493775,0.5
0.8991242296464482,0.8991242296464482,0.8991242296464482,0.8991242296464482,0.8991242296464482,2,1.0,0.9921017990346643,False,1,0.8991242296464482,0.8991242296464482,0.8991242296464482,0.8991242296464482,0.8991242296464482,0.8991242296464482,0.8991242296464482,ISPY2_493775,0.8
0.8854213107445386,0.8854213107445386,0.8854213107445386,0.8854213107445386,0.8854213107445386,1,1.0,1.0,False,1,0.8854213107445386,0.8854213107445386,0.8854213107445386,0.8854213107445386,0.8854213107445386,0.8854213107445386,0.8854213107445386,ISPY2_493775,0.95
0.8687492848151962,0.8687492848151962,0.8687492848151962,0.8687492848151962,0.8687492848151962,1,1.0,1.0,False,1,0.8687492848151962,0.8687492848151962,0.8687492848151962,0.8687492848151962,0.8687492848151962,0.8687492848151962,0.8687492848151962,ISPY2_493775,0.98
0.851248388231157,0.851248388231157,0.851248388231157,0.851248388231157,0.851248388231157,1,1.0,1.0,False,1,0.851248388231157,0.851248388231157,0.851248388231157,0.851248388231157,0.851248388231157,0.851248388231157,0.851248388231157,ISPY2_493775,0.99
0.6690773613850537,0.6690773613850537,0.0,0.0,0.6690773613850537,10,0.99951171875,0.7248426480624858,True,1,0.0,0.6690773613850537,0.6690773613850537,0.0,0.6690773613850537,0.6690773613850537,0.6690773613850537,ISPY2_494022,0.5
0.6075773643111925,0.6075773643111925,0.0,0.0,0.6075773643111925,9,0.99951171875,0.7241810229402839,True,1,0.0,0.6075773643111925,0.6075773643111925,0.0,0.6075773643111925,0.6075773643111925,0.6075773643111925,ISPY2_494022,0.8
0.2992996331411692,0.2992996331411692,0.0,0.0,0.2992996331411692,11,0.998046875,0.36303762671095585,True,1,0.0,0.0,0.0,0.0,0.2992996331411692,0.0,0.0,ISPY2_494022,0.95
0.2259322749745348,0.2259322749745348,0.0,0.0,0.2259322749745348,11,0.99951171875,0.3708289780493688,True,1,0.0,0.2259322749745348,0.2259322749745348,0.0,0.2259322749745348,0.0,0.0,ISPY2_494022,0.98
0.0,0.15611345243943428,0.0,0.0,0.0,10,1.0,0.400518710633568,False,2,0.0,0.0,0.0,0.0,0.0,0.0,0.0,ISPY2_494022,0.99
0.0,0.8075552501637929,0.8075552501637929,0.8075552501637929,0.0,28,0.99951171875,0.4500026916451335,True,2,0.8075552501637929,0.0,0.0,0.8075552501637929,0.0,0.8075552501637929,0.8075552501637929,ISPY2_498985,0.5
0.0,0.8004522138228942,0.8004522138228942,0.0,0.8004522138228942,26,0.99951171875,0.4611951115064071,True,2,0.8004522138228942,0.0,0.0,0.8004522138228942,0.0,0.8004522138228942,0.8004522138228942,ISPY2_498985,0.8
0.750280164363093,0.750280164363093,0.750280164363093,0.750280164363093,0.750280164363093,22,0.99951171875,0.5225405494479626,False,1,0.750280164363093,0.750280164363093,0.750280164363093,0.750280164363093,0.750280164363093,0.750280164363093,0.750280164363093,ISPY2_498985,0.95
0.5907832886702105,0.5907832886702105,0.5907832886702105,0.5907832886702105,0.5907832886702105,27,0.99951171875,0.551052917864636,False,1,0.5907832886702105,0.5907832886702105,0.5907832886702105,0.5907832886702105,0.5907832886702105,0.5907832886702105,0.5907832886702105,ISPY2_498985,0.98
0.408263922091648,0.408263922091648,0.408263922091648,0.408263922091648,0.408263922091648,23,0.99951171875,0.585617632698612,False,1,0.408263922091648,0.408263922091648,0.408263922091648,0.408263922091648,0.408263922091648,0.408263922091648,0.408263922091648,ISPY2_498985,0.99
0.6522769806612602,0.6522769806612602,0.6522769806612602,0.5087301587301587,0.6522769806612602,6,1.0,0.49512903777132117,False,1,0.6522769806612602,0.6522769806612602,0.6522769806612602,0.6522769806612602,0.6522769806612602,0.6522769806612602,0.6522769806612602,ISPY2_503034,0.5
0.6447753595519918,0.6447753595519918,0.6447753595519918,0.5094894413258487,0.6447753595519918,4,1.0,0.500365363536719,False,1,0.6447753595519918,0.6447753595519918,0.6447753595519918,0.6447753595519918,0.6447753595519918,0.6447753595519918,0.6447753595519918,ISPY2_503034,0.8
0.6259641783239639,0.6259641783239639,0.6259641783239639,0.5089334055224689,0.6259641783239639,4,1.0,0.5069096735429601,False,1,0.6259641783239639,0.6259641783239639,0.6259641783239639,0.6259641783239639,0.6259641783239639,0.6259641783239639,0.6259641783239639,ISPY2_503034,0.95
0.6001076426264801,0.6001076426264801,0.6001076426264801,0.5056118258965234,0.6001076426264801,4,1.0,0.505792349726776,False,1,0.6001076426264801,0.6001076426264801,0.6001076426264801,0.6001076426264801,0.6001076426264801,0.6001076426264801,0.6001076426264801,ISPY2_503034,0.98
0.5006896551724138,0.5646862853970017,0.5646862853970017,0.5006896551724138,0.5006896551724138,3,1.0,0.5033050047214354,True,2,0.5646862853970017,0.5006896551724138,0.5006896551724138,0.5006896551724138,0.5006896551724138,0.5006896551724138,0.5646862853970017,ISPY2_503034,0.99
0.9478762815542345,0.9478762815542345,0.9478762815542345,0.9478762815542345,0.9478762815542345,4,1.0,0.7772550073934669,False,1,0.9478762815542345,0.9478762815542345,0.9478762815542345,0.9478762815542345,0.9478762815542345,0.9478762815542345,0.9478762815542345,ISPY2_515565,0.5
0.9475883684485461,0.9475883684485461,0.9475883684485461,0.9475883684485461,0.9475883684485461,6,1.0,0.8361890694239291,False,1,0.9475883684485461,0.9475883684485461,0.9475883684485461,0.9475883684485461,0.9475883684485461,0.9475883684485461,0.9475883684485461,ISPY2_515565,0.8
0.9462612692239702,0.9462612692239702,0.9462612692239702,0.9462612692239702,0.9462612692239702,3,1.0,0.9005742411812961,False,1,0.9462612692239702,0.9462612692239702,0.9462612692239702,0.9462612692239702,0.9462612692239702,0.9462612692239702,0.9462612692239702,ISPY2_515565,0.95
0.9418604651162791,0.9418604651162791,0.9418604651162791,0.9418604651162791,0.9418604651162791,2,1.0,0.9523386092833007,False,1,0.9418604651162791,0.9418604651162791,0.9418604651162791,0.9418604651162791,0.9418604651162791,0.9418604651162791,0.9418604651162791,ISPY2_515565,0.98
0.9341306514451391,0.9341306514451391,0.9341306514451391,0.9341306514451391,0.9341306514451391,3,1.0,0.9918173168411037,False,1,0.9341306514451391,0.9341306514451391,0.9341306514451391,0.9341306514451391,0.9341306514451391,0.9341306514451391,0.9341306514451391,ISPY2_515565,0.99
0.9147101102060373,0.9147101102060373,0.9147101102060373,0.9147101102060373,0.9147101102060373,1,1.0,1.0,False,1,0.9147101102060373,0.9147101102060373,0.9147101102060373,0.9147101102060373,0.9147101102060373,0.9147101102060373,0.9147101102060373,ISPY2_517446,0.5
0.9040097205346294,0.9040097205346294,0.9040097205346294,0.9040097205346294,0.9040097205346294,1,1.0,1.0,False,1,0.9040097205346294,0.9040097205346294,0.9040097205346294,0.9040097205346294,0.9040097205346294,0.9040097205346294,0.9040097205346294,ISPY2_517446,0.8
0.8961775585696671,0.8961775585696671,0.8961775585696671,0.8961775585696671,0.8961775585696671,1,1.0,1.0,False,1,0.8961775585696671,0.8961775585696671,0.8961775585696671,0.8961775585696671,0.8961775585696671,0.8961775585696671,0.8961775585696671,ISPY2_517446,0.95
0.8866699950074888,0.8866699950074888,0.8866699950074888,0.8866699950074888,0.8866699950074888,1,1.0,1.0,False,1,0.8866699950074888,0.8866699950074888,0.8866699950074888,0.8866699950074888,0.8866699950074888,0.8866699950074888,0.8866699950074888,ISPY2_517446,0.98
0.8804841149773072,0.8804841149773072,0.8804841149773072,0.8804841149773072,0.8804841149773072,1,1.0,1.0,False,1,0.8804841149773072,0.8804841149773072,0.8804841149773072,0.8804841149773072,0.8804841149773072,0.8804841149773072,0.8804841149773072,ISPY2_517446,0.99
0.9397892367505627,0.9397892367505627,0.9397892367505627,0.9397892367505627,0.9397892367505627,3,1.0,0.9972290312266866,False,1,0.9397892367505627,0.9397892367505627,0.9397892367505627,0.9397892367505627,0.9397892367505627,0.9397892367505627,0.9397892367505627,ISPY2_518000,0.5
0.9354023818116204,0.9354023818116204,0.9354023818116204,0.9354023818116204,0.9354023818116204,2,1.0,0.9987523732031461,False,1,0.9354023818116204,0.9354023818116204,0.9354023818116204,0.9354023818116204,0.9354023818116204,0.9354023818116204,0.9354023818116204,ISPY2_518000,0.8
0.927487088528353,0.927487088528353,0.927487088528353,0.927487088528353,0.927487088528353,1,1.0,1.0,False,1,0.927487088528353,0.927487088528353,0.927487088528353,0.927487088528353,0.927487088528353,0.927487088528353,0.927487088528353,ISPY2_518000,0.95
0.9195480999657651,0.9195480999657651,0.9195480999657651,0.9195480999657651,0.9195480999657651,1,1.0,1.0,False,1,0.9195480999657651,0.9195480999657651,0.9195480999657651,0.9195480999657651,0.9195480999657651,0.9195480999657651,0.9195480999657651,ISPY2_518000,0.98
0.9106378453112122,0.9106378453112122,0.9106378453112122,0.9106378453112122,0.9106378453112122,1,1.0,1.0,False,1,0.9106378453112122,0.9106378453112122,0.9106378453112122,0.9106378453112122,0.9106378453112122,0.9106378453112122,0.9106378453112122,ISPY2_518000,0.99
0.9246861924686193,0.9246861924686193,0.9246861924686193,0.9246861924686193,0.9246861924686193,1,1.0,1.0,False,1,0.9246861924686193,0.9246861924686193,0.9246861924686193,0.9246861924686193,0.9246861924686193,0.9246861924686193,0.9246861924686193,ISPY2_519738,0.5
0.9300106044538706,0.9300106044538706,0.9300106044538706,0.9300106044538706,0.9300106044538706,1,1.0,1.0,False,1,0.9300106044538706,0.9300106044538706,0.9300106044538706,0.9300106044538706,0.9300106044538706,0.9300106044538706,0.9300106044538706,ISPY2_519738,0.8
0.9350509930220076,0.9350509930220076,0.9350509930220076,0.9350509930220076,0.9350509930220076,1,1.0,1.0,False,1,0.9350509930220076,0.9350509930220076,0.9350509930220076,0.9350509930220076,0.9350509930220076,0.9350509930220076,0.9350509930220076,ISPY2_519738,0.95
0.9370932754880694,0.9370932754880694,0.9370932754880694,0.9370932754880694,0.9370932754880694,1,1.0,1.0,False,1,0.9370932754880694,0.9370932754880694,0.9370932754880694,0.9370932754880694,0.9370932754880694,0.9370932754880694,0.9370932754880694,ISPY2_519738,0.98
0.9331140350877193,0.9331140350877193,0.9331140350877193,0.9331140350877193,0.9331140350877193,1,1.0,1.0,False,1,0.9331140350877193,0.9331140350877193,0.9331140350877193,0.9331140350877193,0.9331140350877193,0.9331140350877193,0.9331140350877193,ISPY2_519738,0.99
0.9006743211226536,0.9006743211226536,0.9006743211226536,0.9006743211226536,0.9006743211226536,3,1.0,0.960403436682854,False,1,0.9006743211226536,0.9006743211226536,0.9006743211226536,0.9006743211226536,0.9006743211226536,0.9006743211226536,0.9006743211226536,ISPY2_522140,0.5
0.8912761622522689,0.8912761622522689,0.8912761622522689,0.8912761622522689,0.8912761622522689,3,1.0,0.9669003115264797,False,1,0.8912761622522689,0.8912761622522689,0.8912761622522689,0.8912761622522689,0.8912761622522689,0.8912761622522689,0.8912761622522689,ISPY2_522140,0.8
0.8770600492517522,0.8770600492517522,0.8770600492517522,0.8770600492517522,0.8770600492517522,3,1.0,0.9776582540339264,False,1,0.8770600492517522,0.8770600492517522,0.8770600492517522,0.8770600492517522,0.8770600492517522,0.8770600492517522,0.8770600492517522,ISPY2_522140,0.95
0.8659873101326668,0.8659873101326668,0.8659873101326668,0.8659873101326668,0.8659873101326668,2,1.0,0.9896058899956691,False,1,0.8659873101326668,0.8659873101326668,0.8659873101326668,0.8659873101326668,0.8659873101326668,0.8659873101326668,0.8659873101326668,ISPY2_522140,0.98
0.8549737200700798,0.8549737200700798,0.8549737200700798,0.8549737200700798,0.8549737200700798,1,1.0,1.0,False,1,0.8549737200700798,0.8549737200700798,0.8549737200700798,0.8549737200700798,0.8549737200700798,0.8549737200700798,0.8549737200700798,ISPY2_522140,0.99
0.8939350388042541,0.8939350388042541,0.8939350388042541,0.8939350388042541,0.8939350388042541,1,1.0,1.0,False,1,0.8939350388042541,0.8939350388042541,0.8939350388042541,0.8939350388042541,0.8939350388042541,0.8939350388042541,0.8939350388042541,ISPY2_528479,0.5
0.8776722090261283,0.8776722090261283,0.8776722090261283,0.8776722090261283,0.8776722090261283,1,1.0,1.0,False,1,0.8776722090261283,0.8776722090261283,0.8776722090261283,0.8776722090261283,0.8776722090261283,0.8776722090261283,0.8776722090261283,ISPY2_528479,0.8
0.848747293535416,0.848747293535416,0.848747293535416,0.848747293535416,0.848747293535416,2,1.0,0.979050279329609,False,1,0.848747293535416,0.848747293535416,0.848747293535416,0.848747293535416,0.848747293535416,0.848747293535416,0.848747293535416,ISPY2_528479,0.95
0.8292220113851992,0.8292220113851992,0.8292220113851992,0.8292220113851992,0.8292220113851992,2,1.0,0.9808400884303611,False,1,0.8292220113851992,0.8292220113851992,0.8292220113851992,0.8292220113851992,0.8292220113851992,0.8292220113851992,0.8292220113851992,ISPY2_528479,0.98
0.7912303664921466,0.7912303664921466,0.7912303664921466,0.7912303664921466,0.7912303664921466,2,1.0,0.9815705128205128,False,1,0.7912303664921466,0.7912303664921466,0.7912303664921466,0.7912303664921466,0.7912303664921466,0.7912303664921466,0.7912303664921466,ISPY2_528479,0.99
0.8857913669064749,0.8857913669064749,0.8857913669064749,0.8857913669064749,0.8857913669064749,5,1.0,0.4186704384724187,False,1,0.8857913669064749,0.8857913669064749,0.8857913669064749,0.8857913669064749,0.8857913669064749,0.8857913669064749,0.8857913669064749,ISPY2_541165,0.5
0.896551724137931,0.896551724137931,0.896551724137931,0.896551724137931,0.896551724137931,4,1.0,0.48796216680997423,False,1,0.896551724137931,0.896551724137931,0.896551724137931,0.896551724137931,0.896551724137931,0.896551724137931,0.896551724137931,ISPY2_541165,0.8
0.9058380414312618,0.9058380414312618,0.9058380414312618,0.9058380414312618,0.9058380414312618,3,1.0,0.6662569145666871,False,1,0.9058380414312618,0.9058380414312618,0.9058380414312618,0.9058380414312618,0.9058380414312618,0.9058380414312618,0.9058380414312618,ISPY2_541165,0.95
0.9063097514340345,0.9063097514340345,0.9063097514340345,0.9063097514340345,0.9063097514340345,4,1.0,0.890770533446232,False,1,0.9063097514340345,0.9063097514340345,0.9063097514340345,0.9063097514340345,0.9063097514340345,0.9063097514340345,0.9063097514340345,ISPY2_541165,0.98
0.9067961165048544,0.9067961165048544,0.9067961165048544,0.9067961165048544,0.9067961165048544,1,1.0,1.0,False,1,0.9067961165048544,0.9067961165048544,0.9067961165048544,0.9067961165048544,0.9067961165048544,0.9067961165048544,0.9067961165048544,ISPY2_541165,0.99
0.0,0.3042538741742298,0.3042538741742298,0.0,0.0,21,1.0,0.3393676695563488,True,2,0.3042538741742298,0.0,0.0,0.0,0.0,0.3042538741742298,0.3042538741742298,ISPY2_549172,0.5
0.0,0.353166703531667,0.353166703531667,0.0,0.0,21,1.0,0.39800949598246893,True,2,0.353166703531667,0.0,0.0,0.0,0.0,0.353166703531667,0.353166703531667,ISPY2_549172,0.8
0.0,0.509142983035911,0.509142983035911,0.0,0.0,11,1.0,0.5356071372177483,True,2,0.509142983035911,0.0,0.0,0.0,0.0,0.0,0.509142983035911,ISPY2_549172,0.95
0.0,0.6663658243080626,0.6663658243080626,0.6663658243080626,0.0,13,1.0,0.6195562337084366,True,2,0.6663658243080626,0.0,0.0,0.0,0.0,0.0,0.6663658243080626,ISPY2_549172,0.98
0.0,0.809459197518899,0.809459197518899,0.809459197518899,0.0,14,1.0,0.638553032537108,True,2,0.809459197518899,0.0,0.0,0.0,0.0,0.0,0.809459197518899,ISPY2_549172,0.99
0.0,0.5830698981383913,0.5830698981383913,0.5830698981383913,0.0,10,0.99853515625,0.6613673303535148,True,2,0.5830698981383913,0.5830698981383913,0.5830698981383913,0.5830698981383913,0.0,0.0,0.5830698981383913,ISPY2_552313,0.5
0.0,0.7812101910828025,0.7812101910828025,0.7812101910828025,0.0,13,0.99853515625,0.6443557076757305,True,2,0.7812101910828025,0.7812101910828025,0.7812101910828025,0.7812101910828025,0.0,0.0,0.7812101910828025,ISPY2_552313,0.8
0.0,0.8113431822041094,0.8113431822041094,0.8113431822041094,0.0,10,0.99853515625,0.5851557964002323,True,2,0.8113431822041094,0.8113431822041094,0.8113431822041094,0.8113431822041094,0.0,0.0,0.8113431822041094,ISPY2_552313,0.95
0.8397225264695144,0.8397225264695144,0.8397225264695144,0.8397225264695144,0.8397225264695144,10,1.0,0.5019224047535826,False,1,0.8397225264695144,0.8397225264695144,0.8397225264695144,0.8397225264695144,0.8397225264695144,0.8397225264695144,0.8397225264695144,ISPY2_552313,0.98
0.843558282208589,0.843558282208589,0.843558282208589,0.843558282208589,0.843558282208589,16,1.0,0.7984092994799633,False,1,0.843558282208589,0.843558282208589,0.843558282208589,0.843558282208589,0.843558282208589,0.843558282208589,0.843558282208589,ISPY2_552313,0.99
0.0,0.8435374149659864,0.8435374149659864,0.8435374149659864,0.0,5,0.98583984375,0.38939670932358317,True,2,0.8435374149659864,0.8435374149659864,0.8435374149659864,0.8435374149659864,0.0,0.8435374149659864,0.8435374149659864,ISPY2_555214,0.5
0.8341121495327103,0.8341121495327103,0.8341121495327103,0.8341121495327103,0.8341121495327103,5,1.0,0.3465020576131687,False,1,0.8341121495327103,0.8341121495327103,0.8341121495327103,0.8341121495327103,0.8341121495327103,0.8341121495327103,0.8341121495327103,ISPY2_555214,0.8
0.8248175182481752,0.8248175182481752,0.8248175182481752,0.8248175182481752,0.8248175182481752,4,1.0,0.5308641975308642,False,1,0.8248175182481752,0.8248175182481752,0.8248175182481752,0.8248175182481752,0.8248175182481752,0.8248175182481752,0.8248175182481752,ISPY2_555214,0.95
0.8162230671736375,0.8162230671736375,0.8162230671736375,0.8162230671736375,0.8162230671736375,4,1.0,0.7831858407079646,False,1,0.8162230671736375,0.8162230671736375,0.8162230671736375,0.8162230671736375,0.8162230671736375,0.8162230671736375,0.8162230671736375,ISPY2_555214,0.98
0.7942332896461337,0.7942332896461337,0.7942332896461337,0.7942332896461337,0.7942332896461337,2,1.0,0.9479768786127167,False,1,0.7942332896461337,0.7942332896461337,0.7942332896461337,0.7942332896461337,0.7942332896461337,0.7942332896461337,0.7942332896461337,ISPY2_555214,0.99
0.9288446824789595,0.9288446824789595,0.9288446824789595,0.9288446824789595,0.9288446824789595,8,1.0,0.4608310626702997,False,1,0.9288446824789595,0.9288446824789595,0.9288446824789595,0.9288446824789595,0.9288446824789595,0.9288446824789595,0.9288446824789595,ISPY2_567907,0.5
0.9367286973555338,0.9367286973555338,0.9367286973555338,0.9367286973555338,0.9367286973555338,11,1.0,0.6396731054977711,False,1,0.9367286973555338,0.9367286973555338,0.9367286973555338,0.9367286973555338,0.9367286973555338,0.9367286973555338,0.9367286973555338,ISPY2_567907,0.8
0.9372619763479655,0.9372619763479655,0.9372619763479655,0.9372619763479655,0.9372619763479655,5,1.0,0.88997113997114,False,1,0.9372619763479655,0.9372619763479655,0.9372619763479655,0.9372619763479655,0.9372619763479655,0.9372619763479655,0.9372619763479655,ISPY2_567907,0.95
0.9351549755301795,0.9351549755301795,0.9351549755301795,0.9351549755301795,0.9351549755301795,3,1.0,0.959323399113975,False,1,0.9351549755301795,0.9351549755301795,0.9351549755301795,0.9351549755301795,0.9351549755301795,0.9351549755301795,0.9351549755301795,ISPY2_567907,0.98
0.9289549772821148,0.9289549772821148,0.9289549772821148,0.9289549772821148,0.9289549772821148,3,1.0,0.9776654024441636,False,1,0.9289549772821148,0.9289549772821148,0.9289549772821148,0.9289549772821148,0.9289549772821148,0.9289549772821148,0.9289549772821148,ISPY2_567907,0.99
0.8378839590443686,0.8378839590443686,0.8378839590443686,0.8378839590443686,0.8378839590443686,1,1.0,1.0,False,1,0.8378839590443686,0.8378839590443686,0.8378839590443686,0.8378839590443686,0.8378839590443686,0.8378839590443686,0.8378839590443686,ISPY2_574091,0.5
0.8431200701139352,0.8431200701139352,0.8431200701139352,0.8431200701139352,0.8431200701139352,1,1.0,1.0,False,1,0.8431200701139352,0.8431200701139352,0.8431200701139352,0.8431200701139352,0.8431200701139352,0.8431200701139352,0.8431200701139352,ISPY2_574091,0.8
0.8392857142857143,0.8392857142857143,0.8392857142857143,0.8392857142857143,0.8392857142857143,1,1.0,1.0,False,1,0.8392857142857143,0.8392857142857143,0.8392857142857143,0.8392857142857143,0.8392857142857143,0.8392857142857143,0.8392857142857143,ISPY2_574091,0.95
0.8207024029574861,0.8207024029574861,0.8207024029574861,0.8207024029574861,0.8207024029574861,2,1.0,0.9673539518900344,False,1,0.8207024029574861,0.8207024029574861,0.8207024029574861,0.8207024029574861,0.8207024029574861,0.8207024029574861,0.8207024029574861,ISPY2_574091,0.98
0.8220973782771536,0.8220973782771536,0.8220973782771536,0.8220973782771536,0.8220973782771536,2,1.0,0.9786096256684492,False,1,0.8220973782771536,0.8220973782771536,0.8220973782771536,0.8220973782771536,0.8220973782771536,0.8220973782771536,0.8220973782771536,ISPY2_574091,0.99
0.7159574468085106,0.7159574468085106,0.7159574468085106,0.7159574468085106,0.7159574468085106,1,1.0,1.0,False,1,0.7159574468085106,0.7159574468085106,0.7159574468085106,0.7159574468085106,0.7159574468085106,0.7159574468085106,0.7159574468085106,ISPY2_578975,0.5
0.6911281489594743,0.6911281489594743,0.6911281489594743,0.6911281489594743,0.6911281489594743,1,1.0,1.0,False,1,0.6911281489594743,0.6911281489594743,0.6911281489594743,0.6911281489594743,0.6911281489594743,0.6911281489594743,0.6911281489594743,ISPY2_578975,0.8
0.6677908937605397,0.6677908937605397,0.6677908937605397,0.6677908937605397,0.6677908937605397,1,1.0,1.0,False,1,0.6677908937605397,0.6677908937605397,0.6677908937605397,0.6677908937605397,0.6677908937605397,0.6677908937605397,0.6677908937605397,ISPY2_578975,0.95
0.6285714285714286,0.6285714285714286,0.6285714285714286,0.6285714285714286,0.6285714285714286,1,1.0,1.0,False,1,0.6285714285714286,0.6285714285714286,0.6285714285714286,0.6285714285714286,0.6285714285714286,0.6285714285714286,0.6285714285714286,ISPY2_578975,0.98
0.5804111245465539,0.5804111245465539,0.5804111245465539,0.5804111245465539,0.5804111245465539,2,1.0,0.9803536345776032,False,1,0.5804111245465539,0.5804111245465539,0.5804111245465539,0.5804111245465539,0.5804111245465539,0.5804111245465539,0.5804111245465539,ISPY2_578975,0.99
0.8867155664221679,0.8867155664221679,0.8867155664221679,0.8867155664221679,0.8867155664221679,4,1.0,0.8487161693268563,False,1,0.8867155664221679,0.8867155664221679,0.8867155664221679,0.8867155664221679,0.8867155664221679,0.8867155664221679,0.8867155664221679,ISPY2_580541,0.5
0.8884263114071607,0.8884263114071607,0.8884263114071607,0.8884263114071607,0.8884263114071607,2,1.0,0.9155590304925724,False,1,0.8884263114071607,0.8884263114071607,0.8884263114071607,0.8884263114071607,0.8884263114071607,0.8884263114071607,0.8884263114071607,ISPY2_580541,0.8
0.8862478777589134,0.8862478777589134,0.8862478777589134,0.8862478777589134,0.8862478777589134,2,1.0,0.9851138353765324,False,1,0.8862478777589134,0.8862478777589134,0.8862478777589134,0.8862478777589134,0.8862478777589134,0.8862478777589134,0.8862478777589134,ISPY2_580541,0.95
0.8841016803102111,0.8841016803102111,0.8841016803102111,0.8841016803102111,0.8841016803102111,1,1.0,1.0,False,1,0.8841016803102111,0.8841016803102111,0.8841016803102111,0.8841016803102111,0.8841016803102111,0.8841016803102111,0.8841016803102111,ISPY2_580541,0.98
0.8804867448935245,0.8804867448935245,0.8804867448935245,0.8804867448935245,0.8804867448935245,1,1.0,1.0,False,1,0.8804867448935245,0.8804867448935245,0.8804867448935245,0.8804867448935245,0.8804867448935245,0.8804867448935245,0.8804867448935245,ISPY2_580541,0.99
0.0,0.8805159538357095,0.8805159538357095,0.8805159538357095,0.0,2,0.9921875,0.6610723626852659,True,2,0.8805159538357095,0.8805159538357095,0.8805159538357095,0.8805159538357095,0.0,0.0,0.8805159538357095,ISPY2_587604,0.5
0.0,0.8969911504424779,0.8969911504424779,0.8969911504424779,0.0,3,0.99169921875,0.45026919807310856,True,2,0.8969911504424779,0.8969911504424779,0.8969911504424779,0.8969911504424779,0.0,0.8969911504424779,0.8969911504424779,ISPY2_587604,0.8
0.8956228956228957,0.8956228956228957,0.8956228956228957,0.8956228956228957,0.8956228956228957,3,0.99951171875,0.5999064108563407,False,1,0.8956228956228957,0.8956228956228957,0.8956228956228957,0.8956228956228957,0.8956228956228957,0.8956228956228957,0.8956228956228957,ISPY2_587604,0.95
0.8588421887390959,0.8588421887390959,0.8588421887390959,0.8588421887390959,0.8588421887390959,6,0.99951171875,0.9308641975308642,False,1,0.8588421887390959,0.8588421887390959,0.8588421887390959,0.8588421887390959,0.8588421887390959,0.8588421887390959,0.8588421887390959,ISPY2_587604,0.98
0.773356401384083,0.773356401384083,0.773356401384083,0.773356401384083,0.773356401384083,1,0.99951171875,1.0,False,1,0.773356401384083,0.773356401384083,0.773356401384083,0.773356401384083,0.773356401384083,0.773356401384083,0.773356401384083,ISPY2_587604,0.99
0.0,0.8796010448824507,0.8796010448824507,0.8796010448824507,0.0,13,0.99560546875,0.3205174272367948,True,3,0.8796010448824507,0.8796010448824507,0.8796010448824507,0.8796010448824507,0.0,0.8796010448824507,0.8796010448824507,ISPY2_590299,0.5
0.0,0.895070766227428,0.895070766227428,0.895070766227428,0.0,7,0.9990234375,0.3213403182761688,True,3,0.895070766227428,0.0,0.895070766227428,0.895070766227428,0.0,0.895070766227428,0.895070766227428,ISPY2_590299,0.8
0.0,0.9035353535353535,0.9035353535353535,0.9035353535353535,0.0,10,0.9990234375,0.4590873936581593,True,2,0.9035353535353535,0.0,0.9035353535353535,0.9035353535353535,0.0,0.9035353535353535,0.9035353535353535,ISPY2_590299,0.95
0.0,0.9144190871369294,0.9144190871369294,0.9144190871369294,0.0,7,0.9990234375,0.5080793618326856,True,2,0.9144190871369294,0.0,0.9144190871369294,0.9144190871369294,0.0,0.0,0.9144190871369294,ISPY2_590299,0.98
0.0,0.9148029818956337,0.9148029818956337,0.9148029818956337,0.0,4,0.9990234375,0.48758138413310825,True,2,0.9148029818956337,0.0,0.9148029818956337,0.9148029818956337,0.0,0.9148029818956337,0.9148029818956337,ISPY2_590299,0.99
0.7977044476327116,0.7977044476327116,0.7977044476327116,0.7977044476327116,0.7977044476327116,7,1.0,0.508481764206955,False,1,0.7977044476327116,0.7977044476327116,0.7977044476327116,0.7977044476327116,0.7977044476327116,0.7977044476327116,0.7977044476327116,ISPY2_615873,0.5
0.7903048108703635,0.7903048108703635,0.7903048108703635,0.7903048108703635,0.7903048108703635,8,1.0,0.6385135135135135,False,1,0.7903048108703635,0.7903048108703635,0.7903048108703635,0.7903048108703635,0.7903048108703635,0.7903048108703635,0.7903048108703635,ISPY2_615873,0.8
0.7695223654283548,0.7695223654283548,0.7695223654283548,0.7695223654283548,0.7695223654283548,3,1.0,0.8169781931464174,False,1,0.7695223654283548,0.7695223654283548,0.7695223654283548,0.7695223654283548,0.7695223654283548,0.7695223654283548,0.7695223654283548,ISPY2_615873,0.95
0.7521235521235521,0.7521235521235521,0.7521235521235521,0.7521235521235521,0.7521235521235521,2,1.0,0.8490245971162002,False,1,0.7521235521235521,0.7521235521235521,0.7521235521235521,0.7521235521235521,0.7521235521235521,0.7521235521235521,0.7521235521235521,ISPY2_615873,0.98
0.7398979992153786,0.7398979992153786,0.7398979992153786,0.7398979992153786,0.7398979992153786,2,1.0,0.8579088471849866,False,1,0.7398979992153786,0.7398979992153786,0.7398979992153786,0.7398979992153786,0.7398979992153786,0.7398979992153786,0.7398979992153786,ISPY2_615873,0.99
0.5942902301689222,0.5942902301689222,0.5942902301689222,0.5942902301689222,0.5942902301689222,2,1.0,0.9924230709757229,False,1,0.5942902301689222,0.5942902301689222,0.5942902301689222,0.5942902301689222,0.5942902301689222,0.5942902301689222,0.5942902301689222,ISPY2_622688,0.5
0.6348875479978058,0.6348875479978058,0.6348875479978058,0.6348875479978058,0.6348875479978058,4,1.0,0.9924784443221427,False,1,0.6348875479978058,0.6348875479978058,0.6348875479978058,0.6348875479978058,0.6348875479978058,0.6348875479978058,0.6348875479978058,ISPY2_622688,0.8
0.8097731239092496,0.8097731239092496,0.8097731239092496,0.8097731239092496,0.8097731239092496,4,1.0,0.7210348706411699,False,1,0.8097731239092496,0.8097731239092496,0.8097731239092496,0.8097731239092496,0.8097731239092496,0.8097731239092496,0.8097731239092496,ISPY2_622688,0.95
0.7757307786784574,0.7757307786784574,0.7757307786784574,0.7757307786784574,0.7757307786784574,5,1.0,0.7869900049156153,False,1,0.7757307786784574,0.7757307786784574,0.7757307786784574,0.7757307786784574,0.7757307786784574,0.7757307786784574,0.7757307786784574,ISPY2_622688,0.98
0.7011212333566924,0.7011212333566924,0.7011212333566924,0.7011212333566924,0.7011212333566924,3,1.0,0.8094564558496666,False,1,0.7011212333566924,0.7011212333566924,0.7011212333566924,0.7011212333566924,0.7011212333566924,0.7011212333566924,0.7011212333566924,ISPY2_622688,0.99
0.926261319534282,0.926261319534282,0.926261319534282,0.926261319534282,0.926261319534282,3,1.0,0.8276623950508175,False,1,0.926261319534282,0.926261319534282,0.926261319534282,0.926261319534282,0.926261319534282,0.926261319534282,0.926261319534282,ISPY2_623569,0.5
0.9221932114882506,0.9221932114882506,0.9221932114882506,0.9221932114882506,0.9221932114882506,3,1.0,0.8381212950296397,False,1,0.9221932114882506,0.9221932114882506,0.9221932114882506,0.9221932114882506,0.9221932114882506,0.9221932114882506,0.9221932114882506,ISPY2_623569,0.8
0.917963597995252,0.917963597995252,0.917963597995252,0.917963597995252,0.917963597995252,3,1.0,0.8661531054405393,False,1,0.917963597995252,0.917963597995252,0.917963597995252,0.917963597995252,0.917963597995252,0.917963597995252,0.917963597995252,ISPY2_623569,0.95
0.9145594889539527,0.9145594889539527,0.9145594889539527,0.9145594889539527,0.9145594889539527,2,1.0,0.8733300346363186,False,1,0.9145594889539527,0.9145594889539527,0.9145594889539527,0.9145594889539527,0.9145594889539527,0.9145594889539527,0.9145594889539527,ISPY2_623569,0.98
0.9095787496646096,0.9095787496646096,0.9095787496646096,0.9095787496646096,0.9095787496646096,2,1.0,0.8784810126582279,False,1,0.9095787496646096,0.9095787496646096,0.9095787496646096,0.9095787496646096,0.9095787496646096,0.9095787496646096,0.9095787496646096,ISPY2_623569,0.99
0.0,0.659468438538206,0.659468438538206,0.659468438538206,0.0,14,0.99951171875,0.607677394338891,True,3,0.659468438538206,0.0,0.0,0.659468438538206,0.0,0.0,0.659468438538206,ISPY2_627981,0.5
0.0,0.7111111111111111,0.7111111111111111,0.7111111111111111,0.0,16,0.99951171875,0.6764931822546572,True,2,0.7111111111111111,0.0,0.0,0.7111111111111111,0.0,0.0,0.7111111111111111,ISPY2_627981,0.8
0.0,0.7520864015709376,0.7520864015709376,0.7520864015709376,0.0,9,0.99951171875,0.792382271468144,True,2,0.7520864015709376,0.0,0.0,0.7520864015709376,0.0,0.0,0.0,ISPY2_627981,0.95
0.0,0.811965811965812,0.811965811965812,0.811965811965812,0.0,3,0.99951171875,0.7979992304732589,True,2,0.811965811965812,0.0,0.0,0.811965811965812,0.0,0.0,0.0,ISPY2_627981,0.98
0.0,0.8413156376226197,0.8413156376226197,0.8413156376226197,0.0,6,0.99951171875,0.7345276872964169,True,2,0.8413156376226197,0.0,0.0,0.8413156376226197,0.0,0.0,0.0,ISPY2_627981,0.99
0.7672524646378054,0.7672524646378054,0.7672524646378054,0.7672524646378054,0.7672524646378054,3,1.0,0.9214876033057852,False,1,0.7672524646378054,0.7672524646378054,0.7672524646378054,0.7672524646378054,0.7672524646378054,0.7672524646378054,0.7672524646378054,ISPY2_629371,0.5
0.7757629367536488,0.7757629367536488,0.7757629367536488,0.7757629367536488,0.7757629367536488,3,1.0,0.9267935578330894,False,1,0.7757629367536488,0.7757629367536488,0.7757629367536488,0.7757629367536488,0.7757629367536488,0.7757629367536488,0.7757629367536488,ISPY2_629371,0.8
0.7838827838827839,0.7838827838827839,0.7838827838827839,0.7838827838827839,0.7838827838827839,3,1.0,0.9354838709677419,False,1,0.7838827838827839,0.7838827838827839,0.7838827838827839,0.7838827838827839,0.7838827838827839,0.7838827838827839,0.7838827838827839,ISPY2_629371,0.95
0.7952718676122932,0.7952718676122932,0.7952718676122932,0.7952718676122932,0.7952718676122932,3,1.0,0.9613733905579399,False,1,0.7952718676122932,0.7952718676122932,0.7952718676122932,0.7952718676122932,0.7952718676122932,0.7952718676122932,0.7952718676122932,ISPY2_629371,0.98
0.8054607508532423,0.8054607508532423,0.8054607508532423,0.8054607508532423,0.8054607508532423,2,1.0,0.9823255813953489,False,1,0.8054607508532423,0.8054607508532423,0.8054607508532423,0.8054607508532423,0.8054607508532423,0.8054607508532423,0.8054607508532423,ISPY2_629371,0.99
0.7352128247650636,0.7352128247650636,0.7352128247650636,0.7352128247650636,0.7352128247650636,4,1.0,0.5967741935483871,False,1,0.7352128247650636,0.7352128247650636,0.7352128247650636,0.7352128247650636,0.7352128247650636,0.7352128247650636,0.7352128247650636,ISPY2_636424,0.5
0.7189787873099306,0.7189787873099306,0.7189787873099306,0.7189787873099306,0.7189787873099306,6,1.0,0.7250090220137134,False,1,0.7189787873099306,0.7189787873099306,0.7189787873099306,0.7189787873099306,0.7189787873099306,0.7189787873099306,0.7189787873099306,ISPY2_636424,0.8
0.6960369372835706,0.6960369372835706,0.6960369372835706,0.6960369372835706,0.6960369372835706,7,1.0,0.8695652173913043,False,1,0.6960369372835706,0.6960369372835706,0.6960369372835706,0.6960369372835706,0.6960369372835706,0.6960369372835706,0.6960369372835706,ISPY2_636424,0.95
0.6766091051805337,0.6766091051805337,0.6766091051805337,0.6766091051805337,0.6766091051805337,4,1.0,0.961081081081081,False,1,0.6766091051805337,0.6766091051805337,0.6766091051805337,0.6766091051805337,0.6766091051805337,0.6766091051805337,0.6766091051805337,ISPY2_636424,0.98
0.6459802538787024,0.6459802538787024,0.6459802538787024,0.6459802538787024,0.6459802538787024,1,1.0,1.0,False,1,0.6459802538787024,0.6459802538787024,0.6459802538787024,0.6459802538787024,0.6459802538787024,0.6459802538787024,0.6459802538787024,ISPY2_636424,0.99
0.0,0.9088550113525786,0.9088550113525786,0.9088550113525786,0.0,8,0.99951171875,0.5315828130738156,True,2,0.9088550113525786,0.0,0.0,0.9088550113525786,0.0,0.0,0.9088550113525786,ISPY2_640463,0.5
0.0,0.9167353668590272,0.9167353668590272,0.9167353668590272,0.0,10,0.99951171875,0.5081989994441356,True,2,0.9167353668590272,0.0,0.0,0.9167353668590272,0.0,0.0,0.9167353668590272,ISPY2_640463,0.8
0.9262502104731436,0.9262502104731436,0.9262502104731436,0.9262502104731436,0.9262502104731436,4,1.0,0.5172095366017462,False,1,0.9262502104731436,0.9262502104731436,0.9262502104731436,0.9262502104731436,0.9262502104731436,0.9262502104731436,0.9262502104731436,ISPY2_640463,0.95
0.9307593307593307,0.9307593307593307,0.9307593307593307,0.9307593307593307,0.9307593307593307,6,1.0,0.6111568546727049,False,1,0.9307593307593307,0.9307593307593307,0.9307593307593307,0.9307593307593307,0.9307593307593307,0.9307593307593307,0.9307593307593307,ISPY2_640463,0.98
0.9295504146660847,0.9295504146660847,0.9295504146660847,0.9295504146660847,0.9295504146660847,8,1.0,0.7139479905437353,False,1,0.9295504146660847,0.9295504146660847,0.9295504146660847,0.9295504146660847,0.9295504146660847,0.9295504146660847,0.9295504146660847,ISPY2_640463,0.99
0.8242888632308176,0.8242888632308176,0.8242888632308176,0.0,0.8242888632308176,6,1.0,0.652349885224115,False,1,0.8242888632308176,0.8242888632308176,0.8242888632308176,0.8242888632308176,0.8242888632308176,0.8242888632308176,0.8242888632308176,ISPY2_646600,0.5
0.8417556087998257,0.8417556087998257,0.8417556087998257,0.0,0.8417556087998257,5,1.0,0.6838260163701549,False,1,0.8417556087998257,0.8417556087998257,0.8417556087998257,0.8417556087998257,0.8417556087998257,0.8417556087998257,0.8417556087998257,ISPY2_646600,0.8
0.8621516674280494,0.8621516674280494,0.8621516674280494,0.0,0.8621516674280494,4,1.0,0.7541344195519348,False,1,0.8621516674280494,0.8621516674280494,0.8621516674280494,0.8621516674280494,0.8621516674280494,0.8621516674280494,0.8621516674280494,ISPY2_646600,0.95
0.8791798295285211,0.8791798295285211,0.8791798295285211,0.0,0.8791798295285211,3,1.0,0.8244171423043436,False,1,0.8791798295285211,0.8791798295285211,0.8791798295285211,0.8791798295285211,0.8791798295285211,0.8791798295285211,0.8791798295285211,ISPY2_646600,0.98
0.8918209104552276,0.8918209104552276,0.8918209104552276,0.0,0.8918209104552276,4,1.0,0.8391540130151843,False,1,0.8918209104552276,0.8918209104552276,0.8918209104552276,0.8918209104552276,0.8918209104552276,0.8918209104552276,0.8918209104552276,ISPY2_646600,0.99
0.8496108460959076,0.8496108460959076,0.8496108460959076,0.8496108460959076,0.8496108460959076,1,1.0,1.0,False,1,0.8496108460959076,0.8496108460959076,0.8496108460959076,0.8496108460959076,0.8496108460959076,0.8496108460959076,0.8496108460959076,ISPY2_654956,0.5
0.8440928808369482,0.8440928808369482,0.8440928808369482,0.8440928808369482,0.8440928808369482,1,1.0,1.0,False,1,0.8440928808369482,0.8440928808369482,0.8440928808369482,0.8440928808369482,0.8440928808369482,0.8440928808369482,0.8440928808369482,ISPY2_654956,0.8
0.8320332813312532,0.8320332813312532,0.8320332813312532,0.8320332813312532,0.8320332813312532,1,1.0,1.0,False,1,0.8320332813312532,0.8320332813312532,0.8320332813312532,0.8320332813312532,0.8320332813312532,0.8320332813312532,0.8320332813312532,ISPY2_654956,0.95
0.8222867705307632,0.8222867705307632,0.8222867705307632,0.8222867705307632,0.8222867705307632,1,1.0,1.0,False,1,0.8222867705307632,0.8222867705307632,0.8222867705307632,0.8222867705307632,0.8222867705307632,0.8222867705307632,0.8222867705307632,ISPY2_654956,0.98
0.8147160757131432,0.8147160757131432,0.8147160757131432,0.8147160757131432,0.8147160757131432,1,1.0,1.0,False,1,0.8147160757131432,0.8147160757131432,0.8147160757131432,0.8147160757131432,0.8147160757131432,0.8147160757131432,0.8147160757131432,ISPY2_654956,0.99
0.0,0.8607068607068608,0.8607068607068608,0.8607068607068608,0.0,25,0.99951171875,0.31283236994219654,True,2,0.8607068607068608,0.0,0.0,0.8607068607068608,0.0,0.8607068607068608,0.8607068607068608,ISPY2_655703,0.5
0.0,0.8448892065761258,0.8448892065761258,0.8448892065761258,0.0,15,0.99951171875,0.3640389725420726,True,2,0.8448892065761258,0.0,0.0,0.8448892065761258,0.0,0.8448892065761258,0.8448892065761258,ISPY2_655703,0.8
0.0,0.8175074183976261,0.8175074183976261,0.8175074183976261,0.0,15,0.99951171875,0.43737166324435317,True,2,0.8175074183976261,0.0,0.0,0.8175074183976261,0.0,0.8175074183976261,0.8175074183976261,ISPY2_655703,0.95
0.7783783783783784,0.7783783783783784,0.7783783783783784,0.7783783783783784,0.7783783783783784,10,1.0,0.30484988452655887,False,1,0.7783783783783784,0.7783783783783784,0.7783783783783784,0.7783783783783784,0.7783783783783784,0.7783783783783784,0.7783783783783784,ISPY2_655703,0.98
0.7309562398703403,0.7309562398703403,0.7309562398703403,0.7309562398703403,0.7309562398703403,6,1.0,0.35405610310841545,False,1,0.7309562398703403,0.7309562398703403,0.7309562398703403,0.7309562398703403,0.7309562398703403,0.7309562398703403,0.7309562398703403,ISPY2_655703,0.99
0.8925619834710744,0.8925619834710744,0.0,0.8925619834710744,0.8925619834710744,5,1.0,0.4840970350404313,True,1,0.0,0.8925619834710744,0.8925619834710744,0.8925619834710744,0.8925619834710744,0.0,0.0,ISPY2_668752,0.5
0.8941441441441441,0.8941441441441441,0.0,0.8941441441441441,0.8941441441441441,3,1.0,0.532548047117173,True,1,0.0,0.8941441441441441,0.8941441441441441,0.8941441441441441,0.8941441441441441,0.8941441441441441,0.0,ISPY2_668752,0.8
0.8838821490467937,0.8838821490467937,0.0,0.8838821490467937,0.8838821490467937,3,1.0,0.6020710059171598,True,1,0.0,0.8838821490467937,0.8838821490467937,0.8838821490467937,0.8838821490467937,0.8838821490467937,0.0,ISPY2_668752,0.95
0.8734549735138316,0.8734549735138316,0.0,0.8734549735138316,0.8734549735138316,2,1.0,0.6191607284243864,True,1,0.0,0.8734549735138316,0.8734549735138316,0.8734549735138316,0.8734549735138316,0.8734549735138316,0.0,ISPY2_668752,0.98
0.8641239570917759,0.8641239570917759,0.0,0.8641239570917759,0.8641239570917759,2,1.0,0.6299668874172185,True,1,0.0,0.8641239570917759,0.8641239570917759,0.8641239570917759,0.8641239570917759,0.8641239570917759,0.0,ISPY2_668752,0.99
0.9308065226972234,0.9308065226972234,0.9308065226972234,0.9308065226972234,0.9308065226972234,2,1.0,0.645743766122098,False,1,0.9308065226972234,0.9308065226972234,0.9308065226972234,0.9308065226972234,0.9308065226972234,0.9308065226972234,0.9308065226972234,ISPY2_691753,0.5
0.9297418630751965,0.9297418630751965,0.9297418630751965,0.9297418630751965,0.9297418630751965,2,1.0,0.6530243755642492,False,1,0.9297418630751965,0.9297418630751965,0.9297418630751965,0.9297418630751965,0.9297418630751965,0.9297418630751965,0.9297418630751965,ISPY2_691753,0.8
0.9200367647058824,0.9200367647058824,0.9200367647058824,0.9200367647058824,0.9200367647058824,2,1.0,0.6625,False,1,0.9200367647058824,0.9200367647058824,0.9200367647058824,0.9200367647058824,0.9200367647058824,0.9200367647058824,0.9200367647058824,ISPY2_691753,0.95
0.9081131634323124,0.9081131634323124,0.9081131634323124,0.9081131634323124,0.9081131634323124,2,1.0,0.6752542372881356,False,1,0.9081131634323124,0.9081131634323124,0.9081131634323124,0.9081131634323124,0.9081131634323124,0.9081131634323124,0.9081131634323124,ISPY2_691753,0.98
0.8987642585551331,0.8987642585551331,0.8987642585551331,0.8987642585551331,0.8987642585551331,2,1.0,0.6939732948394082,False,1,0.8987642585551331,0.8987642585551331,0.8987642585551331,0.8987642585551331,0.8987642585551331,0.8987642585551331,0.8987642585551331,ISPY2_691753,0.99
0.8995695839311334,0.8995695839311334,0.8995695839311334,0.8995695839311334,0.8995695839311334,1,1.0,1.0,False,1,0.8995695839311334,0.8995695839311334,0.8995695839311334,0.8995695839311334,0.8995695839311334,0.8995695839311334,0.8995695839311334,ISPY2_692885,0.5
0.8986784140969163,0.8986784140969163,0.8986784140969163,0.8986784140969163,0.8986784140969163,1,1.0,1.0,False,1,0.8986784140969163,0.8986784140969163,0.8986784140969163,0.8986784140969163,0.8986784140969163,0.8986784140969163,0.8986784140969163,ISPY2_692885,0.8
0.894776684330053,0.894776684330053,0.894776684330053,0.894776684330053,0.894776684330053,1,1.0,1.0,False,1,0.894776684330053,0.894776684330053,0.894776684330053,0.894776684330053,0.894776684330053,0.894776684330053,0.894776684330053,ISPY2_692885,0.95
0.8827160493827161,0.8827160493827161,0.8827160493827161,0.8827160493827161,0.8827160493827161,1,1.0,1.0,False,1,0.8827160493827161,0.8827160493827161,0.8827160493827161,0.8827160493827161,0.8827160493827161,0.8827160493827161,0.8827160493827161,ISPY2_692885,0.98
0.8734375,0.8734375,0.8734375,0.8734375,0.8734375,1,1.0,1.0,False,1,0.8734375,0.8734375,0.8734375,0.8734375,0.8734375,0.8734375,0.8734375,ISPY2_692885,0.99
0.9021129797326434,0.9021129797326434,0.9021129797326434,0.9021129797326434,0.9021129797326434,1,1.0,1.0,False,1,0.9021129797326434,0.9021129797326434,0.9021129797326434,0.9021129797326434,0.9021129797326434,0.9021129797326434,0.9021129797326434,ISPY2_708387,0.5
0.8923884514435696,0.8923884514435696,0.8923884514435696,0.8923884514435696,0.8923884514435696,1,1.0,1.0,False,1,0.8923884514435696,0.8923884514435696,0.8923884514435696,0.8923884514435696,0.8923884514435696,0.8923884514435696,0.8923884514435696,ISPY2_708387,0.8
0.8778642936596218,0.8778642936596218,0.8778642936596218,0.8778642936596218,0.8778642936596218,1,1.0,1.0,False,1,0.8778642936596218,0.8778642936596218,0.8778642936596218,0.8778642936596218,0.8778642936596218,0.8778642936596218,0.8778642936596218,ISPY2_708387,0.95
0.8694675353853066,0.8694675353853066,0.8694675353853066,0.8694675353853066,0.8694675353853066,1,1.0,1.0,False,1,0.8694675353853066,0.8694675353853066,0.8694675353853066,0.8694675353853066,0.8694675353853066,0.8694675353853066,0.8694675353853066,ISPY2_708387,0.98
0.8601224212196781,0.8601224212196781,0.8601224212196781,0.8601224212196781,0.8601224212196781,1,1.0,1.0,False,1,0.8601224212196781,0.8601224212196781,0.8601224212196781,0.8601224212196781,0.8601224212196781,0.8601224212196781,0.8601224212196781,ISPY2_708387,0.99
0.0,0.5702430349733254,0.0,0.0,0.0,3,0.99951171875,0.4187966968147857,True,3,0.0,0.0,0.0,0.0,0.0,0.0,0.0,ISPY2_712785,0.5
0.0,0.4899244332493703,0.0,0.0,0.0,3,0.99951171875,0.41796875,True,3,0.0,0.0,0.0,0.0,0.0,0.0,0.0,ISPY2_712785,0.8
0.0,0.3683492496589359,0.0,0.0,0.0,3,1.0,0.45436207766011094,False,3,0.0,0.0,0.0,0.0,0.0,0.0,0.0,ISPY2_712785,0.95
0.0,0.23224852071005916,0.0,0.0,0.0,3,1.0,0.5075845974329055,False,3,0.0,0.0,0.0,0.0,0.0,0.0,0.0,ISPY2_712785,0.98
0.0,0.060064935064935064,0.0,0.0,0.0,4,1.0,0.5870922970159611,False,3,0.0,0.0,0.0,0.0,0.0,0.0,0.0,ISPY2_712785,0.99
0.9087348217783,0.9087348217783,0.9087348217783,0.9087348217783,0.9087348217783,1,1.0,1.0,False,1,0.9087348217783,0.9087348217783,0.9087348217783,0.9087348217783,0.9087348217783,0.9087348217783,0.9087348217783,ISPY2_714205,0.5
0.9173947577442415,0.9173947577442415,0.9173947577442415,0.9173947577442415,0.9173947577442415,1,1.0,1.0,False,1,0.9173947577442415,0.9173947577442415,0.9173947577442415,0.9173947577442415,0.9173947577442415,0.9173947577442415,0.9173947577442415,ISPY2_714205,0.8
0.9264646464646464,0.9264646464646464,0.9264646464646464,0.9264646464646464,0.9264646464646464,1,1.0,1.0,False,1,0.9264646464646464,0.9264646464646464,0.9264646464646464,0.9264646464646464,0.9264646464646464,0.9264646464646464,0.9264646464646464,ISPY2_714205,0.95
0.9296349173975117,0.9296349173975117,0.9296349173975117,0.9296349173975117,0.9296349173975117,1,1.0,1.0,False,1,0.9296349173975117,0.9296349173975117,0.9296349173975117,0.9296349173975117,0.9296349173975117,0.9296349173975117,0.9296349173975117,ISPY2_714205,0.98
0.9287185826122786,0.9287185826122786,0.9287185826122786,0.9287185826122786,0.9287185826122786,1,1.0,1.0,False,1,0.9287185826122786,0.9287185826122786,0.9287185826122786,0.9287185826122786,0.9287185826122786,0.9287185826122786,0.9287185826122786,ISPY2_714205,0.99
0.9395940327708486,0.9395940327708486,0.9395940327708486,0.9395940327708486,0.9395940327708486,2,1.0,0.9187976671152983,False,1,0.9395940327708486,0.9395940327708486,0.9395940327708486,0.9395940327708486,0.9395940327708486,0.9395940327708486,0.9395940327708486,ISPY2_721099,0.5
0.9409429280397023,0.9409429280397023,0.9409429280397023,0.9409429280397023,0.9409429280397023,2,1.0,0.9216867469879518,False,1,0.9409429280397023,0.9409429280397023,0.9409429280397023,0.9409429280397023,0.9409429280397023,0.9409429280397023,0.9409429280397023,ISPY2_721099,0.8
0.9381156857792372,0.9381156857792372,0.9381156857792372,0.9381156857792372,0.9381156857792372,2,1.0,0.9247830279652844,False,1,0.9381156857792372,0.9381156857792372,0.9381156857792372,0.9381156857792372,0.9381156857792372,0.9381156857792372,0.9381156857792372,ISPY2_721099,0.95
0.9333333333333333,0.9333333333333333,0.9333333333333333,0.9333333333333333,0.9333333333333333,2,1.0,0.9295634920634921,False,1,0.9333333333333333,0.9333333333333333,0.9333333333333333,0.9333333333333333,0.9333333333333333,0.9333333333333333,0.9333333333333333,ISPY2_721099,0.98
0.9288659793814433,0.9288659793814433,0.9288659793814433,0.9288659793814433,0.9288659793814433,2,1.0,0.9392236976506639,False,1,0.9288659793814433,0.9288659793814433,0.9288659793814433,0.9288659793814433,0.9288659793814433,0.9288659793814433,0.9288659793814433,ISPY2_721099,0.99
0.2210257346231064,0.2210257346231064,0.0,0.0,0.2210257346231064,8,0.99951171875,0.8821524002579931,True,1,0.0,0.2210257346231064,0.2210257346231064,0.0,0.2210257346231064,0.2210257346231064,0.2210257346231064,ISPY2_724293,0.5
0.24709854399662376,0.24709854399662376,0.0,0.0,0.24709854399662376,5,0.99951171875,0.8953539823008849,True,1,0.0,0.24709854399662376,0.24709854399662376,0.0,0.24709854399662376,0.24709854399662376,0.24709854399662376,ISPY2_724293,0.8
0.29581046713960646,0.29581046713960646,0.0,0.0,0.29581046713960646,7,0.99951171875,0.8781015579919216,True,1,0.0,0.29581046713960646,0.29581046713960646,0.0,0.29581046713960646,0.29581046713960646,0.29581046713960646,ISPY2_724293,0.95
0.45885286783042395,0.45885286783042395,0.0,0.0,0.45885286783042395,5,0.99951171875,0.6428116372902952,True,1,0.0,0.45885286783042395,0.45885286783042395,0.0,0.45885286783042395,0.45885286783042395,0.0,ISPY2_724293,0.98
0.4852005532503458,0.4852005532503458,0.0,0.0,0.4852005532503458,6,0.99951171875,0.7182871860914359,True,1,0.0,0.4852005532503458,0.4852005532503458,0.0,0.4852005532503458,0.4852005532503458,0.4852005532503458,ISPY2_724293,0.99
0.9229578010065815,0.9229578010065815,0.9229578010065815,0.9229578010065815,0.9229578010065815,1,1.0,1.0,False,1,0.9229578010065815,0.9229578010065815,0.9229578010065815,0.9229578010065815,0.9229578010065815,0.9229578010065815,0.9229578010065815,ISPY2_724384,0.5
0.9255025620811983,0.9255025620811983,0.9255025620811983,0.9255025620811983,0.9255025620811983,1,1.0,1.0,False,1,0.9255025620811983,0.9255025620811983,0.9255025620811983,0.9255025620811983,0.9255025620811983,0.9255025620811983,0.9255025620811983,ISPY2_724384,0.8
0.9151020408163265,0.9151020408163265,0.9151020408163265,0.9151020408163265,0.9151020408163265,1,1.0,1.0,False,1,0.9151020408163265,0.9151020408163265,0.9151020408163265,0.9151020408163265,0.9151020408163265,0.9151020408163265,0.9151020408163265,ISPY2_724384,0.95
0.9032793690327937,0.9032793690327937,0.9032793690327937,0.9032793690327937,0.9032793690327937,1,1.0,1.0,False,1,0.9032793690327937,0.9032793690327937,0.9032793690327937,0.9032793690327937,0.9032793690327937,0.9032793690327937,0.9032793690327937,ISPY2_724384,0.98
0.8935633151030711,0.8935633151030711,0.8935633151030711,0.8935633151030711,0.8935633151030711,1,1.0,1.0,False,1,0.8935633151030711,0.8935633151030711,0.8935633151030711,0.8935633151030711,0.8935633151030711,0.8935633151030711,0.8935633151030711,ISPY2_724384,0.99
0.9155145929339478,0.9155145929339478,0.9155145929339478,0.9155145929339478,0.9155145929339478,4,1.0,0.8045417680454177,False,1,0.9155145929339478,0.9155145929339478,0.9155145929339478,0.9155145929339478,0.9155145929339478,0.9155145929339478,0.9155145929339478,ISPY2_755914,0.5
0.9158389963408259,0.9158389963408259,0.9158389963408259,0.9158389963408259,0.9158389963408259,4,1.0,0.8387665198237886,False,1,0.9158389963408259,0.9158389963408259,0.9158389963408259,0.9158389963408259,0.9158389963408259,0.9158389963408259,0.9158389963408259,ISPY2_755914,0.8
0.9120345385860766,0.9120345385860766,0.9120345385860766,0.9120345385860766,0.9120345385860766,2,1.0,0.8618357487922705,False,1,0.9120345385860766,0.9120345385860766,0.9120345385860766,0.9120345385860766,0.9120345385860766,0.9120345385860766,0.9120345385860766,ISPY2_755914,0.95
0.9092896174863389,0.9092896174863389,0.9092896174863389,0.9092896174863389,0.9092896174863389,2,1.0,0.8698698698698699,False,1,0.9092896174863389,0.9092896174863389,0.9092896174863389,0.9092896174863389,0.9092896174863389,0.9092896174863389,0.9092896174863389,ISPY2_755914,0.98
0.90574456218628,0.90574456218628,0.90574456218628,0.90574456218628,0.90574456218628,2,1.0,0.8804232804232804,False,1,0.90574456218628,0.90574456218628,0.90574456218628,0.90574456218628,0.90574456218628,0.90574456218628,0.90574456218628,ISPY2_755914,0.99
0.779571911378145,0.779571911378145,0.779571911378145,0.779571911378145,0.779571911378145,2,1.0,0.640913508260447,False,1,0.779571911378145,0.779571911378145,0.779571911378145,0.779571911378145,0.779571911378145,0.779571911378145,0.779571911378145,ISPY2_756412,0.5
0.7768987341772152,0.7768987341772152,0.7768987341772152,0.7768987341772152,0.7768987341772152,2,1.0,0.6396542409508373,False,1,0.7768987341772152,0.7768987341772152,0.7768987341772152,0.7768987341772152,0.7768987341772152,0.7768987341772152,0.7768987341772152,ISPY2_756412,0.8
0.7634363097757089,0.7634363097757089,0.7634363097757089,0.7634363097757089,0.7634363097757089,2,1.0,0.6616883116883117,False,1,0.7634363097757089,0.7634363097757089,0.7634363097757089,0.7634363097757089,0.7634363097757089,0.7634363097757089,0.7634363097757089,ISPY2_756412,0.95
0.7177163570457635,0.7177163570457635,0.7177163570457635,0.7177163570457635,0.7177163570457635,3,1.0,0.7550306211723534,False,1,0.7177163570457635,0.7177163570457635,0.7177163570457635,0.7177163570457635,0.7177163570457635,0.7177163570457635,0.7177163570457635,ISPY2_756412,0.98
0.6019124308002013,0.6019124308002013,0.6019124308002013,0.6019124308002013,0.6019124308002013,2,1.0,0.8170266836086404,False,1,0.6019124308002013,0.6019124308002013,0.6019124308002013,0.6019124308002013,0.6019124308002013,0.6019124308002013,0.6019124308002013,ISPY2_756412,0.99
0.9463970155114864,0.9463970155114864,0.9463970155114864,0.9463970155114864,0.9463970155114864,1,1.0,1.0,False,1,0.9463970155114864,0.9463970155114864,0.9463970155114864,0.9463970155114864,0.9463970155114864,0.9463970155114864,0.9463970155114864,ISPY2_765773,0.5
0.9445217737124677,0.9445217737124677,0.9445217737124677,0.9445217737124677,0.9445217737124677,1,1.0,1.0,False,1,0.9445217737124677,0.9445217737124677,0.9445217737124677,0.9445217737124677,0.9445217737124677,0.9445217737124677,0.9445217737124677,ISPY2_765773,0.8
0.9399919452275474,0.9399919452275474,0.9399919452275474,0.9399919452275474,0.9399919452275474,1,1.0,1.0,False,1,0.9399919452275474,0.9399919452275474,0.9399919452275474,0.9399919452275474,0.9399919452275474,0.9399919452275474,0.9399919452275474,ISPY2_765773,0.95
0.9344462540716613,0.9344462540716613,0.9344462540716613,0.9344462540716613,0.9344462540716613,1,1.0,1.0,False,1,0.9344462540716613,0.9344462540716613,0.9344462540716613,0.9344462540716613,0.9344462540716613,0.9344462540716613,0.9344462540716613,ISPY2_765773,0.98
0.928395061728395,0.928395061728395,0.928395061728395,0.928395061728395,0.928395061728395,1,1.0,1.0,False,1,0.928395061728395,0.928395061728395,0.928395061728395,0.928395061728395,0.928395061728395,0.928395061728395,0.928395061728395,ISPY2_765773,0.99
0.3387935262383521,0.3387935262383521,0.3387935262383521,0.1357023875624653,0.3387935262383521,2,1.0,0.7447552447552448,False,1,0.3387935262383521,0.3387935262383521,0.3387935262383521,0.3387935262383521,0.3387935262383521,0.3387935262383521,0.3387935262383521,ISPY2_771443,0.5
0.32043759323719545,0.32043759323719545,0.32043759323719545,0.12700892857142856,0.32043759323719545,2,1.0,0.743766696349065,False,1,0.32043759323719545,0.32043759323719545,0.32043759323719545,0.32043759323719545,0.32043759323719545,0.32043759323719545,0.32043759323719545,ISPY2_771443,0.8
0.2921040620721132,0.2921040620721132,0.2921040620721132,0.11718486923335952,0.2921040620721132,2,1.0,0.7376844211052763,False,1,0.2921040620721132,0.2921040620721132,0.2921040620721132,0.2921040620721132,0.2921040620721132,0.2921040620721132,0.2921040620721132,ISPY2_771443,0.95
0.2617151132719561,0.2617151132719561,0.2617151132719561,0.11040387540134061,0.2617151132719561,2,1.0,0.7227387996618766,False,1,0.2617151132719561,0.2617151132719561,0.2617151132719561,0.2617151132719561,0.2617151132719561,0.2617151132719561,0.2617151132719561,ISPY2_771443,0.98
0.21735897163497292,0.21735897163497292,0.21735897163497292,0.10443628143543374,0.21735897163497292,2,1.0,0.6895742541066041,False,1,0.21735897163497292,0.21735897163497292,0.21735897163497292,0.21735897163497292,0.21735897163497292,0.21735897163497292,0.21735897163497292,ISPY2_771443,0.99
0.8699254349627175,0.8699254349627175,0.8699254349627175,0.8699254349627175,0.8699254349627175,3,1.0,0.9083806818181818,False,1,0.8699254349627175,0.8699254349627175,0.8699254349627175,0.8699254349627175,0.8699254349627175,0.8699254349627175,0.8699254349627175,ISPY2_783764,0.5
0.8745214802211825,0.8745214802211825,0.8745214802211825,0.8745214802211825,0.8745214802211825,4,1.0,0.9529780564263323,False,1,0.8745214802211825,0.8745214802211825,0.8745214802211825,0.8745214802211825,0.8745214802211825,0.8745214802211825,0.8745214802211825,ISPY2_783764,0.8
0.8719753629564452,0.8719753629564452,0.8719753629564452,0.8719753629564452,0.8719753629564452,1,1.0,1.0,False,1,0.8719753629564452,0.8719753629564452,0.8719753629564452,0.8719753629564452,0.8719753629564452,0.8719753629564452,0.8719753629564452,ISPY2_783764,0.95
0.8626023657870792,0.8626023657870792,0.8626023657870792,0.8626023657870792,0.8626023657870792,1,1.0,1.0,False,1,0.8626023657870792,0.8626023657870792,0.8626023657870792,0.8626023657870792,0.8626023657870792,0.8626023657870792,0.8626023657870792,ISPY2_783764,0.98
0.8527870414483087,0.8527870414483087,0.8527870414483087,0.8527870414483087,0.8527870414483087,1,1.0,1.0,False,1,0.8527870414483087,0.8527870414483087,0.8527870414483087,0.8527870414483087,0.8527870414483087,0.8527870414483087,0.8527870414483087,ISPY2_783764,0.99
0.12820807918057314,0.12820807918057314,0.12820807918057314,0.12820807918057314,0.12820807918057314,6,0.99951171875,0.6438053097345132,False,1,0.12820807918057314,0.12820807918057314,0.12820807918057314,0.12820807918057314,0.12820807918057314,0.12820807918057314,0.12820807918057314,ISPY2_788149,0.5
0.11753796221166106,0.11753796221166106,0.11753796221166106,0.11753796221166106,0.11753796221166106,3,0.99951171875,0.7407407407407407,False,1,0.11753796221166106,0.11753796221166106,0.11753796221166106,0.11753796221166106,0.11753796221166106,0.11753796221166106,0.11753796221166106,ISPY2_788149,0.8
0.09575217085191269,0.09575217085191269,0.09575217085191269,0.09575217085191269,0.09575217085191269,3,0.99951171875,0.7950191570881227,False,1,0.09575217085191269,0.09575217085191269,0.09575217085191269,0.09575217085191269,0.09575217085191269,0.09575217085191269,0.09575217085191269,ISPY2_788149,0.95
0.08545797922568461,0.08545797922568461,0.08545797922568461,0.08545797922568461,0.08545797922568461,2,0.99951171875,0.8568075117370892,False,1,0.08545797922568461,0.08545797922568461,0.08545797922568461,0.08545797922568461,0.08545797922568461,0.08545797922568461,0.08545797922568461,ISPY2_788149,0.98
0.06722288438617402,0.06722288438617402,0.06722288438617402,0.005903332923379658,0.06722288438617402,4,0.99951171875,0.8498498498498499,False,1,0.06722288438617402,0.06722288438617402,0.06722288438617402,0.06722288438617402,0.06722288438617402,0.06722288438617402,0.06722288438617402,ISPY2_788149,0.99
0.0,0.3340501792114695,0.3340501792114695,0.3340501792114695,0.0,13,0.998046875,0.33788529067499024,True,5,0.3340501792114695,0.3340501792114695,0.3340501792114695,0.3340501792114695,0.0,0.3340501792114695,0.3340501792114695,ISPY2_789497,0.5
0.0,0.3296492071119654,0.3296492071119654,0.3296492071119654,0.0,14,0.998046875,0.3295006570302234,True,4,0.3296492071119654,0.3296492071119654,0.3296492071119654,0.3296492071119654,0.0,0.3296492071119654,0.3296492071119654,ISPY2_789497,0.8
0.0,0.3231441048034934,0.3231441048034934,0.3231441048034934,0.0,12,0.998046875,0.3393758604864617,True,3,0.3231441048034934,0.3231441048034934,0.3231441048034934,0.3231441048034934,0.0,0.3231441048034934,0.3231441048034934,ISPY2_789497,0.95
0.0,0.31632902123505,0.31632902123505,0.31632902123505,0.0,7,0.998046875,0.3275154004106776,True,3,0.31632902123505,0.31632902123505,0.31632902123505,0.31632902123505,0.0,0.31632902123505,0.31632902123505,ISPY2_789497,0.98
0.3116883116883117,0.3116883116883117,0.3116883116883117,0.3116883116883117,0.3116883116883117,7,1.0,0.3442879499217527,False,1,0.3116883116883117,0.3116883116883117,0.3116883116883117,0.3116883116883117,0.3116883116883117,0.3116883116883117,0.3116883116883117,ISPY2_789497,0.99
0.0,0.7777199375325351,0.7777199375325351,0.7777199375325351,0.0,12,0.9990234375,0.308313786812614,True,2,0.7777199375325351,0.0,0.7777199375325351,0.7777199375325351,0.0,0.7777199375325351,0.7777199375325351,ISPY2_791944,0.5
0.0,0.75,0.75,0.75,0.0,12,0.9990234375,0.34874691140134134,True,2,0.75,0.0,0.75,0.75,0.0,0.75,0.75,ISPY2_791944,0.8
0.0,0.6969515839808726,0.6969515839808726,0.02214022140221402,0.0,7,0.9990234375,0.4033918837068443,True,2,0.6969515839808726,0.0,0.6969515839808726,0.6969515839808726,0.0,0.6969515839808726,0.6969515839808726,ISPY2_791944,0.95
0.6314449395289624,0.6314449395289624,0.6314449395289624,0.018484288354898338,0.6314449395289624,5,0.99951171875,0.47284644194756553,False,1,0.6314449395289624,0.6314449395289624,0.6314449395289624,0.6314449395289624,0.6314449395289624,0.6314449395289624,0.6314449395289624,ISPY2_791944,0.98
0.48403122782114977,0.48403122782114977,0.48403122782114977,0.012987012987012988,0.48403122782114977,4,0.99951171875,0.5793918918918919,False,1,0.48403122782114977,0.48403122782114977,0.48403122782114977,0.48403122782114977,0.48403122782114977,0.48403122782114977,0.48403122782114977,ISPY2_791944,0.99
0.9611315547378105,0.9611315547378105,0.9611315547378105,0.9611315547378105,0.9611315547378105,2,1.0,0.859748682610458,False,1,0.9611315547378105,0.9611315547378105,0.9611315547378105,0.9611315547378105,0.9611315547378105,0.9611315547378105,0.9611315547378105,ISPY2_792412,0.5
0.9561077566186716,0.9561077566186716,0.9561077566186716,0.9561077566186716,0.9561077566186716,2,1.0,0.8655287260616153,False,1,0.9561077566186716,0.9561077566186716,0.9561077566186716,0.9561077566186716,0.9561077566186716,0.9561077566186716,0.9561077566186716,ISPY2_792412,0.8
0.9477760826194108,0.9477760826194108,0.9477760826194108,0.9477760826194108,0.9477760826194108,2,1.0,0.875,False,1,0.9477760826194108,0.9477760826194108,0.9477760826194108,0.9477760826194108,0.9477760826194108,0.9477760826194108,0.9477760826194108,ISPY2_792412,0.95
0.9412182140745121,0.9412182140745121,0.9412182140745121,0.9412182140745121,0.9412182140745121,2,1.0,0.881665932128691,False,1,0.9412182140745121,0.9412182140745121,0.9412182140745121,0.9412182140745121,0.9412182140745121,0.9412182140745121,0.9412182140745121,ISPY2_792412,0.98
0.934365693865396,0.934365693865396,0.934365693865396,0.934365693865396,0.934365693865396,2,1.0,0.8922345483359746,False,1,0.934365693865396,0.934365693865396,0.934365693865396,0.934365693865396,0.934365693865396,0.934365693865396,0.934365693865396,ISPY2_792412,0.99
0.9351216469120399,0.9351216469120399,0.9351216469120399,0.9351216469120399,0.9351216469120399,1,1.0,1.0,False,1,0.9351216469120399,0.9351216469120399,0.9351216469120399,0.9351216469120399,0.9351216469120399,0.9351216469120399,0.9351216469120399,ISPY2_794428,0.5
0.9341959917942244,0.9341959917942244,0.9341959917942244,0.9341959917942244,0.9341959917942244,1,1.0,1.0,False,1,0.9341959917942244,0.9341959917942244,0.9341959917942244,0.9341959917942244,0.9341959917942244,0.9341959917942244,0.9341959917942244,ISPY2_794428,0.8
0.9350607805502239,0.9350607805502239,0.9350607805502239,0.9350607805502239,0.9350607805502239,1,1.0,1.0,False,1,0.9350607805502239,0.9350607805502239,0.9350607805502239,0.9350607805502239,0.9350607805502239,0.9350607805502239,0.9350607805502239,ISPY2_794428,0.95
0.9337855297157622,0.9337855297157622,0.9337855297157622,0.9337855297157622,0.9337855297157622,1,1.0,1.0,False,1,0.9337855297157622,0.9337855297157622,0.9337855297157622,0.9337855297157622,0.9337855297157622,0.9337855297157622,0.9337855297157622,ISPY2_794428,0.98
0.9302022178734507,0.9302022178734507,0.9302022178734507,0.9302022178734507,0.9302022178734507,1,1.0,1.0,False,1,0.9302022178734507,0.9302022178734507,0.9302022178734507,0.9302022178734507,0.9302022178734507,0.9302022178734507,0.9302022178734507,ISPY2_794428,0.99
0.6299005815044082,0.6299005815044082,0.6299005815044082,0.6299005815044082,0.6299005815044082,8,1.0,0.9003206841261358,False,1,0.6299005815044082,0.6299005815044082,0.6299005815044082,0.6299005815044082,0.6299005815044082,0.6299005815044082,0.6299005815044082,ISPY2_796558,0.5
0.7704647322481717,0.7704647322481717,0.7704647322481717,0.7704647322481717,0.7704647322481717,8,1.0,0.7164883574575205,False,1,0.7704647322481717,0.7704647322481717,0.7704647322481717,0.7704647322481717,0.7704647322481717,0.7704647322481717,0.7704647322481717,ISPY2_796558,0.8
0.8379152348224513,0.8379152348224513,0.8379152348224513,0.8379152348224513,0.8379152348224513,8,1.0,0.6002353864260495,False,1,0.8379152348224513,0.8379152348224513,0.8379152348224513,0.8379152348224513,0.8379152348224513,0.8379152348224513,0.8379152348224513,ISPY2_796558,0.95
0.8280928592418454,0.8280928592418454,0.8280928592418454,0.8280928592418454,0.8280928592418454,8,1.0,0.7481827622014537,False,1,0.8280928592418454,0.8280928592418454,0.8280928592418454,0.8280928592418454,0.8280928592418454,0.8280928592418454,0.8280928592418454,ISPY2_796558,0.98
0.8055471811878203,0.8055471811878203,0.8055471811878203,0.8055471811878203,0.8055471811878203,5,1.0,0.8867801047120419,False,1,0.8055471811878203,0.8055471811878203,0.8055471811878203,0.8055471811878203,0.8055471811878203,0.8055471811878203,0.8055471811878203,ISPY2_796558,0.99
0.8738574040219378,0.8738574040219378,0.8738574040219378,0.0,0.8738574040219378,2,1.0,0.6429961089494164,False,1,0.8738574040219378,0.8738574040219378,0.8738574040219378,0.8738574040219378,0.8738574040219378,0.8738574040219378,0.8738574040219378,ISPY2_799149,0.5
0.8612476370510397,0.8612476370510397,0.8612476370510397,0.0,0.8612476370510397,2,1.0,0.6436781609195402,False,1,0.8612476370510397,0.8612476370510397,0.8612476370510397,0.8612476370510397,0.8612476370510397,0.8612476370510397,0.8612476370510397,ISPY2_799149,0.8
0.8298887122416534,0.8298887122416534,0.8298887122416534,0.0,0.8298887122416534,2,1.0,0.6361014994232987,False,1,0.8298887122416534,0.8298887122416534,0.8298887122416534,0.8298887122416534,0.8298887122416534,0.8298887122416534,0.8298887122416534,ISPY2_799149,0.95
0.7946799667497921,0.7946799667497921,0.7946799667497921,0.0,0.7946799667497921,2,1.0,0.6217908578584846,False,1,0.7946799667497921,0.7946799667497921,0.7946799667497921,0.7946799667497921,0.7946799667497921,0.7946799667497921,0.7946799667497921,ISPY2_799149,0.98
0.7301727957465662,0.7301727957465662,0.7301727957465662,0.0,0.7301727957465662,3,1.0,0.5910364145658263,False,1,0.7301727957465662,0.7301727957465662,0.7301727957465662,0.7301727957465662,0.7301727957465662,0.7301727957465662,0.7301727957465662,ISPY2_799149,0.99
0.913572732805843,0.913572732805843,0.913572732805843,0.913572732805843,0.913572732805843,1,1.0,1.0,False,1,0.913572732805843,0.913572732805843,0.913572732805843,0.913572732805843,0.913572732805843,0.913572732805843,0.913572732805843,ISPY2_804979,0.5
0.9185687847008019,0.9185687847008019,0.9185687847008019,0.9185687847008019,0.9185687847008019,1,1.0,1.0,False,1,0.9185687847008019,0.9185687847008019,0.9185687847008019,0.9185687847008019,0.9185687847008019,0.9185687847008019,0.9185687847008019,ISPY2_804979,0.8
0.924433249370277,0.924433249370277,0.924433249370277,0.924433249370277,0.924433249370277,1,1.0,1.0,False,1,0.924433249370277,0.924433249370277,0.924433249370277,0.924433249370277,0.924433249370277,0.924433249370277,0.924433249370277,ISPY2_804979,0.95
0.9253350350989151,0.9253350350989151,0.9253350350989151,0.9253350350989151,0.9253350350989151,1,1.0,1.0,False,1,0.9253350350989151,0.9253350350989151,0.9253350350989151,0.9253350350989151,0.9253350350989151,0.9253350350989151,0.9253350350989151,ISPY2_804979,0.98
0.9293776201225411,0.9293776201225411,0.9293776201225411,0.9293776201225411,0.9293776201225411,1,1.0,1.0,False,1,0.9293776201225411,0.9293776201225411,0.9293776201225411,0.9293776201225411,0.9293776201225411,0.9293776201225411,0.9293776201225411,ISPY2_804979,0.99
0.0,0.8801169590643275,0.0,0.8801169590643275,0.0,4,1.0,0.9624629231870717,False,2,0.0,0.0,0.0,0.0,0.0,0.0,0.0,ISPY2_808714,0.5
0.0,0.8707280832095097,0.0,0.8707280832095097,0.0,3,1.0,0.9584762371386575,False,2,0.0,0.0,0.0,0.0,0.0,0.0,0.0,ISPY2_808714,0.8
0.0,0.8575757575757575,0.0,0.8575757575757575,0.0,4,1.0,0.6522210184182016,False,3,0.0,0.0,0.0,0.0,0.0,0.0,0.0,ISPY2_808714,0.95
0.0,0.8505392912172574,0.0,0.8505392912172574,0.0,4,1.0,0.8205059920106524,False,3,0.0,0.0,0.0,0.0,0.0,0.0,0.0,ISPY2_808714,0.98
0.0,0.8393135725429017,0.0,0.8393135725429017,0.0,3,1.0,0.8878406708595388,False,2,0.0,0.0,0.0,0.0,0.0,0.0,0.0,ISPY2_808714,0.99
0.935064935064935,0.935064935064935,0.935064935064935,0.935064935064935,0.935064935064935,6,1.0,0.9502362669816893,False,1,0.935064935064935,0.935064935064935,0.935064935064935,0.935064935064935,0.935064935064935,0.935064935064935,0.935064935064935,ISPY2_812089,0.5
0.9373509301955796,0.9373509301955796,0.9373509301955796,0.9373509301955796,0.9373509301955796,3,1.0,0.9763194551926946,False,1,0.9373509301955796,0.9373509301955796,0.9373509301955796,0.9373509301955796,0.9373509301955796,0.9373509301955796,0.9373509301955796,ISPY2_812089,0.8
0.9373240003218279,0.9373240003218279,0.9373240003218279,0.9373240003218279,0.9373240003218279,2,1.0,0.9879692011549567,False,1,0.9373240003218279,0.9373240003218279,0.9373240003218279,0.9373240003218279,0.9373240003218279,0.9373240003218279,0.9373240003218279,ISPY2_812089,0.95
0.9363983429453334,0.9363983429453334,0.9363983429453334,0.9363983429453334,0.9363983429453334,2,1.0,0.9965357967667436,False,1,0.9363983429453334,0.9363983429453334,0.9363983429453334,0.9363983429453334,0.9363983429453334,0.9363983429453334,0.9363983429453334,ISPY2_812089,0.98
0.9350351824578629,0.9350351824578629,0.9350351824578629,0.9350351824578629,0.9350351824578629,1,1.0,1.0,False,1,0.9350351824578629,0.9350351824578629,0.9350351824578629,0.9350351824578629,0.9350351824578629,0.9350351824578629,0.9350351824578629,ISPY2_812089,0.99
0.9318181818181818,0.9318181818181818,0.9318181818181818,0.9318181818181818,0.9318181818181818,2,1.0,0.9278658396508155,False,1,0.9318181818181818,0.9318181818181818,0.9318181818181818,0.9318181818181818,0.9318181818181818,0.9318181818181818,0.9318181818181818,ISPY2_824350,0.5
0.9391212281630492,0.9391212281630492,0.9391212281630492,0.9391212281630492,0.9391212281630492,2,1.0,0.9621397166585247,False,1,0.9391212281630492,0.9391212281630492,0.9391212281630492,0.9391212281630492,0.9391212281630492,0.9391212281630492,0.9391212281630492,ISPY2_824350,0.8
0.9448415374241402,0.9448415374241402,0.9448415374241402,0.9448415374241402,0.9448415374241402,2,1.0,0.9952830188679245,False,1,0.9448415374241402,0.9448415374241402,0.9448415374241402,0.9448415374241402,0.9448415374241402,0.9448415374241402,0.9448415374241402,ISPY2_824350,0.95
0.9476418318523582,0.9476418318523582,0.9476418318523582,0.9476418318523582,0.9476418318523582,1,1.0,1.0,False,1,0.9476418318523582,0.9476418318523582,0.9476418318523582,0.9476418318523582,0.9476418318523582,0.9476418318523582,0.9476418318523582,ISPY2_824350,0.98
0.9477042585656817,0.9477042585656817,0.9477042585656817,0.9477042585656817,0.9477042585656817,1,1.0,1.0,False,1,0.9477042585656817,0.9477042585656817,0.9477042585656817,0.9477042585656817,0.9477042585656817,0.9477042585656817,0.9477042585656817,ISPY2_824350,0.99
0.0,0.4668628275185652,0.0,0.0,0.0,11,0.998046875,0.5428921568627451,True,2,0.0,0.0,0.0,0.0,0.0,0.0,0.0,ISPY2_824512,0.5
0.0,0.5170747422680413,0.0,0.0,0.0,12,0.998046875,0.5177149681528662,True,2,0.0,0.0,0.0,0.0,0.0,0.0,0.0,ISPY2_824512,0.8
0.0,0.6922107385933955,0.0,0.0,0.0,15,0.998046875,0.46161493427593064,True,2,0.0,0.0,0.0,0.0,0.0,0.0,0.0,ISPY2_824512,0.95
0.6508355321020228,0.6508355321020228,0.0,0.0,0.6508355321020228,18,1.0,0.3815592203898051,True,1,0.0,0.6508355321020228,0.6508355321020228,0.6508355321020228,0.6508355321020228,0.0,0.0,ISPY2_824512,0.98
0.5840474620962426,0.5840474620962426,0.0,0.0,0.5840474620962426,9,1.0,0.5241567912488605,True,1,0.0,0.5840474620962426,0.5840474620962426,0.5840474620962426,0.5840474620962426,0.5840474620962426,0.0,ISPY2_824512,0.99
0.0,0.8461215932914046,0.0,0.8461215932914046,0.0,19,0.99951171875,0.6987738271783557,True,3,0.0,0.0,0.0,0.0,0.0,0.0,0.0,ISPY2_825363,0.5
0.0,0.8479931682322801,0.0,0.8479931682322801,0.0,20,0.99951171875,0.7197396124264169,True,3,0.0,0.0,0.0,0.0,0.0,0.0,0.0,ISPY2_825363,0.8
0.0,0.8481675392670157,0.0,0.8481675392670157,0.0,14,0.99951171875,0.7049511724824283,True,3,0.0,0.0,0.0,0.0,0.0,0.0,0.0,ISPY2_825363,0.95
0.0,0.847922192749779,0.0,0.847922192749779,0.0,19,0.99951171875,0.4083379045529347,True,4,0.0,0.0,0.0,0.0,0.0,0.0,0.0,ISPY2_825363,0.98
0.0,0.8462572837292693,0.0,0.8462572837292693,0.0,15,1.0,0.33741326137239785,False,4,0.0,0.0,0.0,0.0,0.0,0.0,0.0,ISPY2_825363,0.99
0.8057347670250896,0.8057347670250896,0.8057347670250896,0.8057347670250896,0.8057347670250896,2,1.0,0.8938181818181818,False,1,0.8057347670250896,0.8057347670250896,0.8057347670250896,0.8057347670250896,0.8057347670250896,0.8057347670250896,0.8057347670250896,ISPY2_883696,0.5
0.8007281553398058,0.8007281553398058,0.8007281553398058,0.8007281553398058,0.8007281553398058,2,1.0,0.8982323232323233,False,1,0.8007281553398058,0.8007281553398058,0.8007281553398058,0.8007281553398058,0.8007281553398058,0.8007281553398058,0.8007281553398058,ISPY2_883696,0.8
0.7927326659251019,0.7927326659251019,0.7927326659251019,0.7927326659251019,0.7927326659251019,2,1.0,0.9054197662061636,False,1,0.7927326659251019,0.7927326659251019,0.7927326659251019,0.7927326659251019,0.7927326659251019,0.7927326659251019,0.7927326659251019,ISPY2_883696,0.95
0.7861430715357679,0.7861430715357679,0.7861430715357679,0.7861430715357679,0.7861430715357679,2,1.0,0.9094153170463903,False,1,0.7861430715357679,0.7861430715357679,0.7861430715357679,0.7861430715357679,0.7861430715357679,0.7861430715357679,0.7861430715357679,ISPY2_883696,0.98
0.7787610619469026,0.7787610619469026,0.7787610619469026,0.7787610619469026,0.7787610619469026,2,1.0,0.9139054092325121,False,1,0.7787610619469026,0.7787610619469026,0.7787610619469026,0.7787610619469026,0.7787610619469026,0.7787610619469026,0.7787610619469026,ISPY2_883696,0.99
0.9421777221526909,0.9421777221526909,0.9421777221526909,0.9421777221526909,0.9421777221526909,3,1.0,0.9679767103347889,False,1,0.9421777221526909,0.9421777221526909,0.9421777221526909,0.9421777221526909,0.9421777221526909,0.9421777221526909,0.9421777221526909,ISPY2_884011,0.5
0.9408779497589445,0.9408779497589445,0.9408779497589445,0.9408779497589445,0.9408779497589445,1,1.0,1.0,False,1,0.9408779497589445,0.9408779497589445,0.9408779497589445,0.9408779497589445,0.9408779497589445,0.9408779497589445,0.9408779497589445,ISPY2_884011,0.8
0.9375966993295514,0.9375966993295514,0.9375966993295514,0.9375966993295514,0.9375966993295514,1,1.0,1.0,False,1,0.9375966993295514,0.9375966993295514,0.9375966993295514,0.9375966993295514,0.9375966993295514,0.9375966993295514,0.9375966993295514,ISPY2_884011,0.95
0.9356938297318407,0.9356938297318407,0.9356938297318407,0.9356938297318407,0.9356938297318407,1,1.0,1.0,False,1,0.9356938297318407,0.9356938297318407,0.9356938297318407,0.9356938297318407,0.9356938297318407,0.9356938297318407,0.9356938297318407,ISPY2_884011,0.98
0.9310254392866509,0.9310254392866509,0.9310254392866509,0.9310254392866509,0.9310254392866509,1,1.0,1.0,False,1,0.9310254392866509,0.9310254392866509,0.9310254392866509,0.9310254392866509,0.9310254392866509,0.9310254392866509,0.9310254392866509,ISPY2_884011,0.99
0.906524926686217,0.906524926686217,0.906524926686217,0.906524926686217,0.906524926686217,2,1.0,0.9265866209262436,False,1,0.906524926686217,0.906524926686217,0.906524926686217,0.906524926686217,0.906524926686217,0.906524926686217,0.906524926686217,ISPY2_889721,0.5
0.9014346934972983,0.9014346934972983,0.9014346934972983,0.9014346934972983,0.9014346934972983,2,1.0,0.9325240985362371,False,1,0.9014346934972983,0.9014346934972983,0.9014346934972983,0.9014346934972983,0.9014346934972983,0.9014346934972983,0.9014346934972983,ISPY2_889721,0.8
0.8904188181296615,0.8904188181296615,0.8904188181296615,0.8904188181296615,0.8904188181296615,2,1.0,0.9381873340917709,False,1,0.8904188181296615,0.8904188181296615,0.8904188181296615,0.8904188181296615,0.8904188181296615,0.8904188181296615,0.8904188181296615,ISPY2_889721,0.95
0.8823414634146342,0.8823414634146342,0.8823414634146342,0.8823414634146342,0.8823414634146342,2,1.0,0.952572347266881,False,1,0.8823414634146342,0.8823414634146342,0.8823414634146342,0.8823414634146342,0.8823414634146342,0.8823414634146342,0.8823414634146342,ISPY2_889721,0.98
0.8728139904610492,0.8728139904610492,0.8728139904610492,0.8728139904610492,0.8728139904610492,2,1.0,0.9806201550387597,False,1,0.8728139904610492,0.8728139904610492,0.8728139904610492,0.8728139904610492,0.8728139904610492,0.8728139904610492,0.8728139904610492,ISPY2_889721,0.99
0.6625554723070717,0.6625554723070717,0.6625554723070717,0.0,0.6625554723070717,4,0.99951171875,0.7703117015840573,False,1,0.6625554723070717,0.6625554723070717,0.6625554723070717,0.6625554723070717,0.6625554723070717,0.6625554723070717,0.6625554723070717,ISPY2_896852,0.5
0.6259203831188267,0.6259203831188267,0.6259203831188267,0.0,0.6259203831188267,4,0.99951171875,0.7688133657004141,False,1,0.6259203831188267,0.6259203831188267,0.6259203831188267,0.6259203831188267,0.6259203831188267,0.6259203831188267,0.6259203831188267,ISPY2_896852,0.8
0.47495809587663423,0.47495809587663423,0.12250310816411107,0.12250310816411107,0.47495809587663423,4,0.99853515625,0.6300841514726507,True,1,0.12250310816411107,0.12250310816411107,0.12250310816411107,0.12250310816411107,0.47495809587663423,0.47495809587663423,0.12250310816411107,ISPY2_896852,0.95
0.2802093605400895,0.2802093605400895,0.11330500708156294,0.11330500708156294,0.2802093605400895,5,0.99853515625,0.43647444913267697,True,1,0.11330500708156294,0.11330500708156294,0.11330500708156294,0.11330500708156294,0.2802093605400895,0.11330500708156294,0.11330500708156294,ISPY2_896852,0.98
0.15195038354822915,0.15195038354822915,0.10432016075016745,0.10432016075016745,0.15195038354822915,6,0.99853515625,0.3498312710911136,True,1,0.10432016075016745,0.10432016075016745,0.10432016075016745,0.10432016075016745,0.15195038354822915,0.10432016075016745,0.10432016075016745,ISPY2_896852,0.99
0.7128793536560527,0.7128793536560527,0.7128793536560527,0.0,0.7128793536560527,8,1.0,0.4550471924492081,False,1,0.7128793536560527,0.7128793536560527,0.7128793536560527,0.7128793536560527,0.7128793536560527,0.7128793536560527,0.7128793536560527,ISPY2_910706,0.5
0.6741189035243859,0.6741189035243859,0.6741189035243859,0.0,0.6741189035243859,10,1.0,0.4905900803763968,False,1,0.6741189035243859,0.6741189035243859,0.6741189035243859,0.6741189035243859,0.6741189035243859,0.6741189035243859,0.6741189035243859,ISPY2_910706,0.8
0.5702917771883289,0.5702917771883289,0.5702917771883289,0.0,0.5702917771883289,13,1.0,0.5294282511210763,False,1,0.5702917771883289,0.5702917771883289,0.5702917771883289,0.5702917771883289,0.5702917771883289,0.5702917771883289,0.5702917771883289,ISPY2_910706,0.95
0.0,0.3850799289520426,0.3850799289520426,0.0,0.0,5,1.0,0.5088109812650714,True,2,0.3850799289520426,0.0,0.0,0.0,0.0,0.0,0.3850799289520426,ISPY2_910706,0.98
0.0,0.30826646762455684,0.30826646762455684,0.0,0.0,4,1.0,0.6004089050431622,True,2,0.30826646762455684,0.0,0.0,0.0,0.0,0.0,0.30826646762455684,ISPY2_910706,0.99
0.9197330791229743,0.9197330791229743,0.9197330791229743,0.9197330791229743,0.9197330791229743,1,1.0,1.0,False,1,0.9197330791229743,0.9197330791229743,0.9197330791229743,0.9197330791229743,0.9197330791229743,0.9197330791229743,0.9197330791229743,ISPY2_913527,0.5
0.9252045188936502,0.9252045188936502,0.9252045188936502,0.9252045188936502,0.9252045188936502,1,1.0,1.0,False,1,0.9252045188936502,0.9252045188936502,0.9252045188936502,0.9252045188936502,0.9252045188936502,0.9252045188936502,0.9252045188936502,ISPY2_913527,0.8
0.9232609128961531,0.9232609128961531,0.9232609128961531,0.9232609128961531,0.9232609128961531,1,1.0,1.0,False,1,0.9232609128961531,0.9232609128961531,0.9232609128961531,0.9232609128961531,0.9232609128961531,0.9232609128961531,0.9232609128961531,ISPY2_913527,0.95
0.9246353322528363,0.9246353322528363,0.9246353322528363,0.9246353322528363,0.9246353322528363,1,1.0,1.0,False,1,0.9246353322528363,0.9246353322528363,0.9246353322528363,0.9246353322528363,0.9246353322528363,0.9246353322528363,0.9246353322528363,ISPY2_913527,0.98
0.9037286707394143,0.9037286707394143,0.9037286707394143,0.9037286707394143,0.9037286707394143,2,1.0,0.9507346585998271,False,1,0.9037286707394143,0.9037286707394143,0.9037286707394143,0.9037286707394143,0.9037286707394143,0.9037286707394143,0.9037286707394143,ISPY2_913527,0.99
0.10051636684894366,0.10051636684894366,0.10051636684894366,0.10051636684894366,0.10051636684894366,4,0.99462890625,0.6944794290512175,False,1,0.10051636684894366,0.10051636684894366,0.10051636684894366,0.10051636684894366,0.10051636684894366,0.10051636684894366,0.10051636684894366,ISPY2_928815,0.5
0.047065641298729775,0.047065641298729775,0.047065641298729775,0.047065641298729775,0.047065641298729775,8,0.99462890625,0.5534302004782049,False,1,0.047065641298729775,0.047065641298729775,0.047065641298729775,0.047065641298729775,0.047065641298729775,0.047065641298729775,0.047065641298729775,ISPY2_928815,0.8
0.025933519628254555,0.025933519628254555,0.025933519628254555,0.025933519628254555,0.025933519628254555,5,0.99462890625,0.7431941923774955,False,1,0.025933519628254555,0.025933519628254555,0.025933519628254555,0.025933519628254555,0.025933519628254555,0.025933519628254555,0.025933519628254555,ISPY2_928815,0.95
0.009784673338760395,0.009784673338760395,0.009784673338760395,0.009784673338760395,0.009784673338760395,2,0.99462890625,0.8087071240105541,False,1,0.009784673338760395,0.009784673338760395,0.009784673338760395,0.009784673338760395,0.009784673338760395,0.009784673338760395,0.009784673338760395,ISPY2_928815,0.98
0.0008016996031586964,0.0008016996031586964,0.0008016996031586964,0.0008016996031586964,0.0008016996031586964,1,0.99462890625,1.0,False,1,0.0008016996031586964,0.0008016996031586964,0.0008016996031586964,0.0008016996031586964,0.0008016996031586964,0.0008016996031586964,0.0008016996031586964,ISPY2_928815,0.99
0.8414151410192974,0.8414151410192974,0.8414151410192974,0.8414151410192974,0.8414151410192974,5,1.0,0.691819200597684,False,1,0.8414151410192974,0.8414151410192974,0.8414151410192974,0.8414151410192974,0.8414151410192974,0.8414151410192974,0.8414151410192974,ISPY2_934459,0.5
0.845,0.845,0.845,0.845,0.845,4,1.0,0.7305751765893037,False,1,0.845,0.845,0.845,0.845,0.845,0.845,0.845,ISPY2_934459,0.8
0.8435288169868554,0.8435288169868554,0.8435288169868554,0.8435288169868554,0.8435288169868554,4,1.0,0.7769467663880334,False,1,0.8435288169868554,0.8435288169868554,0.8435288169868554,0.8435288169868554,0.8435288169868554,0.8435288169868554,0.8435288169868554,ISPY2_934459,0.95
0.8426162493612672,0.8426162493612672,0.8426162493612672,0.8426162493612672,0.8426162493612672,3,1.0,0.8120584079133302,False,1,0.8426162493612672,0.8426162493612672,0.8426162493612672,0.8426162493612672,0.8426162493612672,0.8426162493612672,0.8426162493612672,ISPY2_934459,0.98
0.8400154698981565,0.8400154698981565,0.8400154698981565,0.8400154698981565,0.8400154698981565,3,1.0,0.8465780897468037,False,1,0.8400154698981565,0.8400154698981565,0.8400154698981565,0.8400154698981565,0.8400154698981565,0.8400154698981565,0.8400154698981565,ISPY2_934459,0.99
0.8489706686099472,0.8489706686099472,0.8489706686099472,0.8489706686099472,0.8489706686099472,2,1.0,0.9917680074836296,False,1,0.8489706686099472,0.8489706686099472,0.8489706686099472,0.8489706686099472,0.8489706686099472,0.8489706686099472,0.8489706686099472,ISPY2_942017,0.5
0.846485473289597,0.846485473289597,0.846485473289597,0.846485473289597,0.846485473289597,2,1.0,0.9942254082039028,False,1,0.846485473289597,0.846485473289597,0.846485473289597,0.846485473289597,0.846485473289597,0.846485473289597,0.846485473289597,ISPY2_942017,0.8
0.8317738791423002,0.8317738791423002,0.8317738791423002,0.8317738791423002,0.8317738791423002,1,1.0,1.0,False,1,0.8317738791423002,0.8317738791423002,0.8317738791423002,0.8317738791423002,0.8317738791423002,0.8317738791423002,0.8317738791423002,ISPY2_942017,0.95
0.8072816027661954,0.8072816027661954,0.8072816027661954,0.8072816027661954,0.8072816027661954,2,1.0,0.9961649089165868,False,1,0.8072816027661954,0.8072816027661954,0.8072816027661954,0.8072816027661954,0.8072816027661954,0.8072816027661954,0.8072816027661954,ISPY2_942017,0.98
0.7716769132923468,0.7716769132923468,0.7716769132923468,0.7716769132923468,0.7716769132923468,3,1.0,0.993127147766323,False,1,0.7716769132923468,0.7716769132923468,0.7716769132923468,0.7716769132923468,0.7716769132923468,0.7716769132923468,0.7716769132923468,ISPY2_942017,0.99
0.9343960760269773,0.9343960760269773,0.9343960760269773,0.9343960760269773,0.9343960760269773,3,1.0,0.9224806201550387,False,1,0.9343960760269773,0.9343960760269773,0.9343960760269773,0.9343960760269773,0.9343960760269773,0.9343960760269773,0.9343960760269773,ISPY2_943633,0.5
0.9348300592454006,0.9348300592454006,0.9348300592454006,0.9348300592454006,0.9348300592454006,2,1.0,0.9572192513368984,False,1,0.9348300592454006,0.9348300592454006,0.9348300592454006,0.9348300592454006,0.9348300592454006,0.9348300592454006,0.9348300592454006,ISPY2_943633,0.8
0.9333756345177665,0.9333756345177665,0.9333756345177665,0.9333756345177665,0.9333756345177665,2,1.0,0.98856416772554,False,1,0.9333756345177665,0.9333756345177665,0.9333756345177665,0.9333756345177665,0.9333756345177665,0.9333756345177665,0.9333756345177665,ISPY2_943633,0.95
0.930845931167578,0.930845931167578,0.930845931167578,0.930845931167578,0.930845931167578,1,1.0,1.0,False,1,0.930845931167578,0.930845931167578,0.930845931167578,0.930845931167578,0.930845931167578,0.930845931167578,0.930845931167578,ISPY2_943633,0.98
0.9275268118297043,0.9275268118297043,0.9275268118297043,0.9275268118297043,0.9275268118297043,1,1.0,1.0,False,1,0.9275268118297043,0.9275268118297043,0.9275268118297043,0.9275268118297043,0.9275268118297043,0.9275268118297043,0.9275268118297043,ISPY2_943633,0.99
0.30249925321119187,0.30249925321119187,0.30249925321119187,0.30249925321119187,0.30249925321119187,1,1.0,1.0,False,1,0.30249925321119187,0.30249925321119187,0.30249925321119187,0.30249925321119187,0.30249925321119187,0.30249925321119187,0.30249925321119187,ISPY2_953885,0.5
0.3439475801816301,0.3439475801816301,0.3439475801816301,0.3439475801816301,0.3439475801816301,2,1.0,0.9984621836991472,False,1,0.3439475801816301,0.3439475801816301,0.3439475801816301,0.3439475801816301,0.3439475801816301,0.3439475801816301,0.3439475801816301,ISPY2_953885,0.8
0.4294083186877563,0.4294083186877563,0.4294083186877563,0.4294083186877563,0.4294083186877563,1,1.0,1.0,False,1,0.4294083186877563,0.4294083186877563,0.4294083186877563,0.4294083186877563,0.4294083186877563,0.4294083186877563,0.4294083186877563,ISPY2_953885,0.95
0.0,0.8216404886561954,0.8216404886561954,0.8216404886561954,0.0,4,0.998046875,0.419435736677116,True,2,0.8216404886561954,0.8216404886561954,0.8216404886561954,0.8216404886561954,0.0,0.8216404886561954,0.8216404886561954,ISPY2_953885,0.98
0.8182466143977192,0.8182466143977192,0.8182466143977192,0.8182466143977192,0.8182466143977192,6,1.0,0.6591029023746702,False,1,0.8182466143977192,0.8182466143977192,0.8182466143977192,0.8182466143977192,0.8182466143977192,0.8182466143977192,0.8182466143977192,ISPY2_953885,0.99
0.8489060489060489,0.8489060489060489,0.8489060489060489,0.8489060489060489,0.8489060489060489,2,0.99853515625,0.9952191235059761,False,1,0.8489060489060489,0.8489060489060489,0.8489060489060489,0.8489060489060489,0.8489060489060489,0.8489060489060489,0.8489060489060489,ISPY2_962664,0.5
0.8278019586507073,0.8278019586507073,0.8278019586507073,0.8278019586507073,0.8278019586507073,1,0.99853515625,1.0,False,1,0.8278019586507073,0.8278019586507073,0.8278019586507073,0.8278019586507073,0.8278019586507073,0.8278019586507073,0.8278019586507073,ISPY2_962664,0.8
0.758943396226415,0.758943396226415,0.758943396226415,0.758943396226415,0.758943396226415,1,0.99853515625,1.0,False,1,0.758943396226415,0.758943396226415,0.758943396226415,0.758943396226415,0.758943396226415,0.758943396226415,0.758943396226415,ISPY2_962664,0.95
0.6573126444371079,0.6573126444371079,0.6573126444371079,0.6573126444371079,0.6573126444371079,1,0.99853515625,1.0,False,1,0.6573126444371079,0.6573126444371079,0.6573126444371079,0.6573126444371079,0.6573126444371079,0.6573126444371079,0.6573126444371079,ISPY2_962664,0.98
0.5036104425106461,0.5036104425106461,0.5036104425106461,0.5036104425106461,0.5036104425106461,1,0.99853515625,1.0,False,1,0.5036104425106461,0.5036104425106461,0.5036104425106461,0.5036104425106461,0.5036104425106461,0.5036104425106461,0.5036104425106461,ISPY2_962664,0.99
0.8808720477549961,0.8808720477549961,0.8808720477549961,0.8808720477549961,0.8808720477549961,5,1.0,0.5405561993047509,False,1,0.8808720477549961,0.8808720477549961,0.8808720477549961,0.8808720477549961,0.8808720477549961,0.8808720477549961,0.8808720477549961,ISPY2_966016,0.5
0.8671517111290757,0.8671517111290757,0.8671517111290757,0.8671517111290757,0.8671517111290757,4,1.0,0.735494880546075,False,1,0.8671517111290757,0.8671517111290757,0.8671517111290757,0.8671517111290757,0.8671517111290757,0.8671517111290757,0.8671517111290757,ISPY2_966016,0.8
0.8445319089120045,0.8445319089120045,0.8445319089120045,0.8445319089120045,0.8445319089120045,2,1.0,0.9284447072738025,False,1,0.8445319089120045,0.8445319089120045,0.8445319089120045,0.8445319089120045,0.8445319089120045,0.8445319089120045,0.8445319089120045,ISPY2_966016,0.95
0.8088836937463472,0.8088836937463472,0.8088836937463472,0.8088836937463472,0.8088836937463472,2,1.0,0.9903381642512077,False,1,0.8088836937463472,0.8088836937463472,0.8088836937463472,0.8088836937463472,0.8088836937463472,0.8088836937463472,0.8088836937463472,ISPY2_966016,0.98
0.7584304107909258,0.7584304107909258,0.7584304107909258,0.7584304107909258,0.7584304107909258,1,1.0,1.0,False,1,0.7584304107909258,0.7584304107909258,0.7584304107909258,0.7584304107909258,0.7584304107909258,0.7584304107909258,0.7584304107909258,ISPY2_966016,0.99
0.858957219251337,0.858957219251337,0.858957219251337,0.858957219251337,0.858957219251337,1,1.0,1.0,False,1,0.858957219251337,0.858957219251337,0.858957219251337,0.858957219251337,0.858957219251337,0.858957219251337,0.858957219251337,ISPY2_983841,0.5
0.8715502555366269,0.8715502555366269,0.8715502555366269,0.8715502555366269,0.8715502555366269,1,1.0,1.0,False,1,0.8715502555366269,0.8715502555366269,0.8715502555366269,0.8715502555366269,0.8715502555366269,0.8715502555366269,0.8715502555366269,ISPY2_983841,0.8
0.8916929547844374,0.8916929547844374,0.8916929547844374,0.8916929547844374,0.8916929547844374,1,1.0,1.0,False,1,0.8916929547844374,0.8916929547844374,0.8916929547844374,0.8916929547844374,0.8916929547844374,0.8916929547844374,0.8916929547844374,ISPY2_983841,0.95
0.9035714285714286,0.9035714285714286,0.9035714285714286,0.9035714285714286,0.9035714285714286,1,1.0,1.0,False,1,0.9035714285714286,0.9035714285714286,0.9035714285714286,0.9035714285714286,0.9035714285714286,0.9035714285714286,0.9035714285714286,ISPY2_983841,0.98
0.9069767441860465,0.9069767441860465,0.9069767441860465,0.9069767441860465,0.9069767441860465,1,1.0,1.0,False,1,0.9069767441860465,0.9069767441860465,0.9069767441860465,0.9069767441860465,0.9069767441860465,0.9069767441860465,0.9069767441860465,ISPY2_983841,0.99
0.8099571734475375,0.8099571734475375,0.8099571734475375,0.8099571734475375,0.8099571734475375,8,1.0,0.3927843456991439,False,1,0.8099571734475375,0.8099571734475375,0.8099571734475375,0.8099571734475375,0.8099571734475375,0.8099571734475375,0.8099571734475375,NACT_01,0.5
0.8174447861336316,0.8174447861336316,0.8174447861336316,0.8174447861336316,0.8174447861336316,9,1.0,0.43429132891181527,False,1,0.8174447861336316,0.8174447861336316,0.8174447861336316,0.8174447861336316,0.8174447861336316,0.8174447861336316,0.8174447861336316,NACT_01,0.8
0.8077151335311573,0.8077151335311573,0.8077151335311573,0.8077151335311573,0.8077151335311573,7,1.0,0.5670177987649837,False,1,0.8077151335311573,0.8077151335311573,0.8077151335311573,0.8077151335311573,0.8077151335311573,0.8077151335311573,0.8077151335311573,NACT_01,0.95
0.7918495297805642,0.7918495297805642,0.7918495297805642,0.7918495297805642,0.7918495297805642,5,1.0,0.7554704595185996,False,1,0.7918495297805642,0.7918495297805642,0.7918495297805642,0.7918495297805642,0.7918495297805642,0.7918495297805642,0.7918495297805642,NACT_01,0.98
0.7596185465307465,0.7596185465307465,0.7596185465307465,0.7596185465307465,0.7596185465307465,3,1.0,0.8921071687183201,False,1,0.7596185465307465,0.7596185465307465,0.7596185465307465,0.7596185465307465,0.7596185465307465,0.7596185465307465,0.7596185465307465,NACT_01,0.99
0.3051709144424376,0.3051709144424376,0.3051709144424376,0.0,0.3051709144424376,7,0.99951171875,0.6286810503762021,False,1,0.3051709144424376,0.3051709144424376,0.3051709144424376,0.3051709144424376,0.3051709144424376,0.3051709144424376,0.3051709144424376,NACT_07,0.5
0.3898098063165242,0.3898098063165242,0.3898098063165242,0.0,0.3898098063165242,9,0.99951171875,0.5503315250150693,False,1,0.3898098063165242,0.3898098063165242,0.3898098063165242,0.3898098063165242,0.3898098063165242,0.3898098063165242,0.3898098063165242,NACT_07,0.8
0.5352001056663584,0.5352001056663584,0.5352001056663584,0.0,0.5352001056663584,8,0.99951171875,0.47117546541955213,False,1,0.5352001056663584,0.5352001056663584,0.5352001056663584,0.5352001056663584,0.5352001056663584,0.5352001056663584,0.5352001056663584,NACT_07,0.95
0.0,0.7653826913456728,0.7653826913456728,0.0,0.0,16,0.9970703125,0.31087742359513637,True,2,0.7653826913456728,0.7653826913456728,0.7653826913456728,0.7653826913456728,0.0,0.7653826913456728,0.7653826913456728,NACT_07,0.98
0.5937592867756315,0.5937592867756315,0.5937592867756315,0.0,0.5937592867756315,14,0.99951171875,0.36735419630156474,False,1,0.5937592867756315,0.5937592867756315,0.5937592867756315,0.5937592867756315,0.5937592867756315,0.5937592867756315,0.5937592867756315,NACT_07,0.99
0.14217654301161609,0.14217654301161609,0.14217654301161609,0.0,0.14217654301161609,9,1.0,0.8547655847501288,False,1,0.14217654301161609,0.14217654301161609,0.14217654301161609,0.14217654301161609,0.14217654301161609,0.14217654301161609,0.14217654301161609,NACT_11,0.5
0.14110209923664122,0.14110209923664122,0.14110209923664122,0.0,0.14110209923664122,8,1.0,0.8630563885458928,False,1,0.14110209923664122,0.14110209923664122,0.14110209923664122,0.14110209923664122,0.14110209923664122,0.14110209923664122,0.14110209923664122,NACT_11,0.8
0.1416187076564435,0.1416187076564435,0.1416187076564435,0.0,0.1416187076564435,6,1.0,0.8746335963923337,False,1,0.1416187076564435,0.1416187076564435,0.1416187076564435,0.1416187076564435,0.1416187076564435,0.1416187076564435,0.1416187076564435,NACT_11,0.95
0.16859157042147893,0.16859157042147893,0.16859157042147893,0.0,0.16859157042147893,11,1.0,0.5328909069740365,False,1,0.16859157042147893,0.16859157042147893,0.16859157042147893,0.16859157042147893,0.16859157042147893,0.16859157042147893,0.16859157042147893,NACT_11,0.98
0.16835573940020682,0.16835573940020682,0.16835573940020682,0.0,0.16835573940020682,10,1.0,0.5591770217966999,False,1,0.16835573940020682,0.16835573940020682,0.16835573940020682,0.16835573940020682,0.16835573940020682,0.16835573940020682,0.16835573940020682,NACT_11,0.99
0.0,0.6394230769230769,0.6394230769230769,0.6394230769230769,0.0,21,0.99951171875,0.3153813619061046,True,5,0.6394230769230769,0.0,0.0,0.6394230769230769,0.0,0.6394230769230769,0.6394230769230769,NACT_22,0.5
0.0,0.6591619762351469,0.6591619762351469,0.6591619762351469,0.0,13,0.99951171875,0.3426414407858832,True,4,0.6591619762351469,0.0,0.0,0.6591619762351469,0.0,0.6591619762351469,0.6591619762351469,NACT_22,0.8
0.0,0.6873760740251157,0.6873760740251157,0.6873760740251157,0.0,14,0.99951171875,0.41118421052631576,True,3,0.6873760740251157,0.0,0.0,0.6873760740251157,0.0,0.6873760740251157,0.6873760740251157,NACT_22,0.95
0.0,0.693000693000693,0.693000693000693,0.693000693000693,0.0,11,0.99951171875,0.37154031287605294,True,2,0.693000693000693,0.0,0.0,0.693000693000693,0.0,0.693000693000693,0.693000693000693,NACT_22,0.98
0.6863468634686347,0.6863468634686347,0.6863468634686347,0.6863468634686347,0.6863468634686347,7,1.0,0.47123130034522437,False,1,0.6863468634686347,0.6863468634686347,0.6863468634686347,0.6863468634686347,0.6863468634686347,0.6863468634686347,0.6863468634686347,NACT_22,0.99
0.0,0.24842105263157896,0.24842105263157896,0.24842105263157896,0.0,5,0.9990234375,0.7965171647544329,True,2,0.24842105263157896,0.0,0.24842105263157896,0.24842105263157896,0.0,0.0,0.0,NACT_36,0.5
0.0,0.6436909394107838,0.0,0.6436909394107838,0.0,8,0.9990234375,0.6638433033350979,True,4,0.0,0.0,0.0,0.0,0.0,0.0,0.0,NACT_36,0.8
0.0,0.6811594202898551,0.0,0.6811594202898551,0.0,13,0.99755859375,0.32301493710691825,True,4,0.0,0.0,0.0,0.0,0.0,0.0,0.0,NACT_36,0.95
0.0,0.7107969151670951,0.0,0.7107969151670951,0.0,16,0.9990234375,0.3574060427413412,True,3,0.0,0.0,0.0,0.0,0.0,0.0,0.0,NACT_36,0.98
0.0,0.734525447042641,0.0,0.734525447042641,0.0,11,1.0,0.33433433433433435,False,3,0.0,0.0,0.0,0.0,0.0,0.0,0.0,NACT_36,0.99
0.8953488372093024,0.8953488372093024,0.8953488372093024,0.8953488372093024,0.8953488372093024,4,0.99951171875,0.5501505675237434,False,1,0.8953488372093024,0.8953488372093024,0.8953488372093024,0.8953488372093024,0.8953488372093024,0.8953488372093024,0.8953488372093024,NACT_45,0.5
0.9049377018920166,0.9049377018920166,0.9049377018920166,0.9049377018920166,0.9049377018920166,5,0.99951171875,0.6172737306843267,False,1,0.9049377018920166,0.9049377018920166,0.9049377018920166,0.9049377018920166,0.9049377018920166,0.9049377018920166,0.9049377018920166,NACT_45,0.8
0.9017031630170317,0.9017031630170317,0.9017031630170317,0.9017031630170317,0.9017031630170317,3,0.99951171875,0.7050788091068301,False,1,0.9017031630170317,0.9017031630170317,0.9017031630170317,0.9017031630170317,0.9017031630170317,0.9017031630170317,0.9017031630170317,NACT_45,0.95
0.8545647558386412,0.8545647558386412,0.8545647558386412,0.8545647558386412,0.8545647558386412,3,0.99951171875,0.7516869095816464,False,1,0.8545647558386412,0.8545647558386412,0.8545647558386412,0.8545647558386412,0.8545647558386412,0.8545647558386412,0.8545647558386412,NACT_45,0.98
0.7508071617258585,0.7508071617258585,0.7508071617258585,0.7508071617258585,0.7508071617258585,2,0.99951171875,0.8244178728760226,False,1,0.7508071617258585,0.7508071617258585,0.7508071617258585,0.7508071617258585,0.7508071617258585,0.7508071617258585,0.7508071617258585,NACT_45,0.99
0.8627403555448059,0.8627403555448059,0.8627403555448059,0.8627403555448059,0.8627403555448059,11,0.99951171875,0.619704705395336,False,1,0.8627403555448059,0.8627403555448059,0.8627403555448059,0.8627403555448059,0.8627403555448059,0.8627403555448059,0.8627403555448059,NACT_49,0.5
0.8656866440507601,0.8656866440507601,0.8656866440507601,0.8656866440507601,0.8656866440507601,12,0.99951171875,0.7097267017484298,False,1,0.8656866440507601,0.8656866440507601,0.8656866440507601,0.8656866440507601,0.8656866440507601,0.8656866440507601,0.8656866440507601,NACT_49,0.8
0.8674084997989007,0.8674084997989007,0.8674084997989007,0.8674084997989007,0.8674084997989007,9,0.99951171875,0.8600467289719627,False,1,0.8674084997989007,0.8674084997989007,0.8674084997989007,0.8674084997989007,0.8674084997989007,0.8674084997989007,0.8674084997989007,NACT_49,0.95
0.8368248539261792,0.8368248539261792,0.8368248539261792,0.8368248539261792,0.8368248539261792,4,0.99951171875,0.9165251839275609,False,1,0.8368248539261792,0.8368248539261792,0.8368248539261792,0.8368248539261792,0.8368248539261792,0.8368248539261792,0.8368248539261792,NACT_49,0.98
0.7658130206726319,0.7658130206726319,0.7658130206726319,0.0,0.7658130206726319,4,0.99951171875,0.9474421864050455,False,1,0.7658130206726319,0.7658130206726319,0.7658130206726319,0.7658130206726319,0.7658130206726319,0.7658130206726319,0.7658130206726319,NACT_49,0.99
0.0,0.6776003452740613,0.6776003452740613,0.6776003452740613,0.0,11,0.998046875,0.7091054463361867,True,3,0.6776003452740613,0.6776003452740613,0.6776003452740613,0.6776003452740613,0.0,0.0,0.0,NACT_66,0.5
0.0,0.6989150090415913,0.6989150090415913,0.6989150090415913,0.0,13,0.998046875,0.6143833973128598,True,2,0.6989150090415913,0.6989150090415913,0.6989150090415913,0.6989150090415913,0.0,0.0,0.6989150090415913,NACT_66,0.8
0.0,0.7376648754274548,0.7376648754274548,0.7376648754274548,0.0,14,0.998046875,0.5009636095680762,True,2,0.7376648754274548,0.7376648754274548,0.7376648754274548,0.7376648754274548,0.0,0.0,0.7376648754274548,NACT_66,0.95
0.7602880658436214,0.7602880658436214,0.7602880658436214,0.7602880658436214,0.7602880658436214,12,1.0,0.21402497598463016,False,1,0.7602880658436214,0.7602880658436214,0.7602880658436214,0.7602880658436214,0.7602880658436214,0.7602880658436214,0.7602880658436214,NACT_66,0.98
0.7854030501089324,0.7854030501089324,0.7854030501089324,0.7854030501089324,0.7854030501089324,9,1.0,0.32619974059662776,False,1,0.7854030501089324,0.7854030501089324,0.7854030501089324,0.7854030501089324,0.7854030501089324,0.7854030501089324,0.7854030501089324,NACT_66,0.99
